Permit,Date,Month,Year,Harvest,Count,Sex
40,1/30/2012,Jan,2012,Bait,0,Unknown
2,1/31/2012,Jan,2012,Bait,0,Unknown
3,2/4/2012,Feb,2012,Bait,0,Unknown
6,2/10/2012,Feb,2012,Bait,0,Unknown
6,2/10/2012,Feb,2012,Bait,0,Unknown
77,2/10/2012,Feb,2012,Bait,0,Unknown
3,2/11/2012,Feb,2012,Bait,0,Unknown
3,2/18/2012,Feb,2012,Bait,0,Unknown
11,2/24/2012,Feb,2012,Bait,700,Male
11,2/24/2012,Feb,2012,Bait,100,Female
3,2/25/2012,Feb,2012,Bait,0,Unknown
40,2/28/2012,Feb,2012,Bait,0,Unknown
2,2/29/2012,Feb,2012,Bait,0,Unknown
6,2/29/2012,Feb,2012,Bait,0,Male
3,2/29/2012,Feb,2012,Bait,0,Unknown
6,3/2/2012,Mar,2012,Bait,0,Unknown
3,3/3/2012,Mar,2012,Bait,0,Unknown
11,3/5/2012,Mar,2012,Bait,0,Unknown
2,3/5/2012,Mar,2012,Bait,0,Unknown
17,3/8/2012,Mar,2012,Bait,0,Unknown
2,3/9/2012,Mar,2012,Bait,0,Unknown
11,3/9/2012,Mar,2012,Bait,100,Male
2,3/16/2012,Mar,2012,Bait,3800,Male
2,3/16/2012,Mar,2012,Bait,2500,Female
3,3/17/2012,Mar,2012,Bait,0,Unknown
6,3/17/2012,Mar,2012,Bait,0,Unknown
39,3/23/2012,Mar,2012,Bait,1100,Female
2,3/23/2012,Mar,2012,Bait,9900,Female
39,3/23/2012,Mar,2012,Bait,1200,Male
6,3/23/2012,Mar,2012,Bait,0,Unknown
2,3/23/2012,Mar,2012,Bait,14700,Male
20,3/23/2012,Mar,2012,Bait,0,Unknown
3,3/24/2012,Mar,2012,Bait,0,Unknown
2,3/30/2012,Mar,2012,Bait,1600,Female
2,3/30/2012,Mar,2012,Bait,1500,Male
6,3/30/2012,Mar,2012,Bait,0,Unknown
3,3/31/2012,Mar,2012,Bait,0,Unknown
20,3/31/2012,Mar,2012,Bait,0,Unknown
11,3/31/2012,Mar,2012,Bait,400,Male
11,3/31/2012,Mar,2012,Bait,100,Female
40,3/31/2012,Mar,2012,Bait,0,Unknown
11,3/31/2012,Mar,2012,Bait,200,Unknown
43,4/1/2012,Apr,2012,Bait,0,Unknown
44,4/5/2012,Apr,2012,Bait,0,Unknown
2,4/6/2012,Apr,2012,Bait,7500,Female
2,4/6/2012,Apr,2012,Bait,8700,Male
20,4/7/2012,Apr,2012,Bait,0,Unknown
61,4/7/2012,Apr,2012,Bait,0,Unknown
6,4/7/2012,Apr,2012,Bait,0,Unknown
3,4/7/2012,Apr,2012,Bait,0,Unknown
17,4/10/2012,Apr,2012,Bait,0,Unknown
40,4/12/2012,Apr,2012,Bait,0,Unknown
38,4/12/2012,Apr,2012,Bait,0,Unknown
2,4/13/2012,Apr,2012,Bait,14500,Female
6,4/13/2012,Apr,2012,Bait,0,Unknown
39,4/13/2012,Apr,2012,Bait,1400,Male
39,4/13/2012,Apr,2012,Bait,1600,Female
2,4/13/2012,Apr,2012,Bait,16300,Male
20,4/13/2012,Apr,2012,Bait,0,Unknown
3,4/14/2012,Apr,2012,Bait,0,Unknown
23,4/16/2012,Apr,2012,Bait,200,Female
23,4/16/2012,Apr,2012,Bait,200,Male
42,4/16/2012,Apr,2012,Bait,1300,Female
42,4/16/2012,Apr,2012,Bait,200,Male
42,4/17/2012,Apr,2012,Bait,4400,Female
19,4/17/2012,Apr,2012,Bait,200,Female
42,4/17/2012,Apr,2012,Bait,2000,Male
20,4/17/2012,Apr,2012,Bait,7600,Unknown
19,4/17/2012,Apr,2012,Bait,300,Male
62,4/18/2012,Apr,2012,Bait,700,Male
42,4/18/2012,Apr,2012,Bait,1300,Female
71,4/20/2012,Apr,2012,Bait,1200,Male
71,4/20/2012,Apr,2012,Bait,2200,Female
70,4/20/2012,Apr,2012,Bait,1100,Female
70,4/20/2012,Apr,2012,Bait,400,Male
2,4/20/2012,Apr,2012,Bait,30800,Female
6,4/20/2012,Apr,2012,Bait,0,Unknown
73,4/20/2012,Apr,2012,Bait,0,Unknown
65,4/20/2012,Apr,2012,Bait,3100,Female
65,4/20/2012,Apr,2012,Bait,2200,Male
18,4/20/2012,Apr,2012,Bait,4500,Male
18,4/20/2012,Apr,2012,Bait,4000,Female
44,4/20/2012,Apr,2012,Bait,1200,Female
44,4/20/2012,Apr,2012,Bait,1000,Male
2,4/20/2012,Apr,2012,Bait,33100,Male
35,4/21/2012,Apr,2012,Bait,57400,Male
13,4/21/2012,Apr,2012,Bait,86100,Female
13,4/21/2012,Apr,2012,Bait,57400,Male
3,4/21/2012,Apr,2012,Bait,0,Unknown
7,4/21/2012,Apr,2012,Bait,5400,Unknown
35,4/21/2012,Apr,2012,Bait,86100,Female
29,4/22/2012,Apr,2012,Bait,15000,Male
29,4/22/2012,Apr,2012,Bait,17500,Female
2,4/22/2012,Apr,2012,Bait,12500,Male
2,4/22/2012,Apr,2012,Bait,10300,Female
37,4/23/2012,Apr,2012,Bait,262700,Unknown
36,4/23/2012,Apr,2012,Bait,0,Unknown
62,4/23/2012,Apr,2012,Bait,8400,Male
74,4/23/2012,Apr,2012,Bait,12400,Unknown
49,4/23/2012,Apr,2012,Bait,106000,Unknown
62,4/23/2012,Apr,2012,Bait,5200,Female
15,4/23/2012,Apr,2012,Bait,0,Unknown
23,4/23/2012,Apr,2012,Bait,52600,Female
23,4/23/2012,Apr,2012,Bait,48900,Male
63,4/23/2012,Apr,2012,Bait,169900,Unknown
68,4/24/2012,Apr,2012,Bait,200,Male
64,4/24/2012,Apr,2012,Bait,5000,Male
64,4/24/2012,Apr,2012,Bait,5800,Male
56,4/24/2012,Apr,2012,Bait,0,Unknown
68,4/24/2012,Apr,2012,Bait,4000,Female
21,4/24/2012,Apr,2012,Bait,13000,Female
22,4/25/2012,Apr,2012,Bait,0,Unknown
53,4/25/2012,Apr,2012,Bait,27000,Male
53,4/25/2012,Apr,2012,Bait,30600,Female
15,4/25/2012,Apr,2012,Bait,1500,Female
15,4/25/2012,Apr,2012,Bait,1500,Male
62,4/25/2012,Apr,2012,Bait,6500,Female
26,4/25/2012,Apr,2012,Bait,12500,Male
7,4/25/2012,Apr,2012,Bait,19700,Unknown
62,4/25/2012,Apr,2012,Bait,8300,Male
21,4/25/2012,Apr,2012,Bait,15000,Male
29,4/26/2012,Apr,2012,Bait,58300,Female
29,4/26/2012,Apr,2012,Bait,55000,Male
9,4/26/2012,Apr,2012,Bait,1600,Female
3,4/28/2012,Apr,2012,Bait,0,Unknown
37,4/28/2012,Apr,2012,Bio-Med,20000,Unknown
20,4/30/2012,Apr,2012,Bait,15700,Unknown
37,4/30/2012,Apr,2012,Bio-Med,16000,Unknown
71,4/30/2012,Apr,2012,Bait,7200,Unknown
40,4/30/2012,Apr,2012,Bait,0,Unknown
55,4/30/2012,Apr,2012,Bait,99400,Female
70,4/30/2012,Apr,2012,Bait,0,Unknown
55,4/30/2012,Apr,2012,Bait,54100,Male
4,4/30/2012,Apr,2012,Bait,60000,Unknown
57,5/1/2012,May,2012,Bait,40000,Male
28,5/1/2012,May,2012,Bait,12500,Male
26,5/1/2012,May,2012,Bait,12500,Female
58,5/1/2012,May,2012,Bait,8800,Female
58,5/1/2012,May,2012,Bait,1200,Male
43,5/1/2012,May,2012,Bait,0,Unknown
57,5/1/2012,May,2012,Bait,48500,Female
28,5/1/2012,May,2012,Bait,12500,Female
33,5/2/2012,May,2012,Bait,10200,Unknown
14,5/3/2012,May,2012,Bait,0,Unknown
52,5/4/2012,May,2012,Bait,25000,Female
52,5/4/2012,May,2012,Bait,26700,Male
77,5/6/2012,May,2012,Bait,13000,Male
77,5/6/2012,May,2012,Bait,12900,Female
49,5/9/2012,May,2012,Bio-Med,53000,Unknown
85,5/9/2012,May,2012,Bio-Med,36400,Unknown
85,5/10/2012,May,2012,Bio-Med,17800,Unknown
85,5/10/2012,May,2012,Bio-Med,61700,Unknown
49,5/10/2012,May,2012,Bio-Med,62000,Unknown
37,5/10/2012,May,2012,Bio-Med,18400,Unknown
13,5/11/2012,May,2012,Bio-Med,89000,Female
35,5/11/2012,May,2012,Bio-Med,96800,Male
35,5/11/2012,May,2012,Bio-Med,96700,Female
49,5/11/2012,May,2012,Bio-Med,16000,Unknown
45,5/11/2012,May,2012,Bio-Med,15000,Unknown
13,5/11/2012,May,2012,Bio-Med,89000,Male
65,5/12/2012,May,2012,Bait,0,Unknown
84,5/15/2012,May,2012,Bait,0,Unknown
85,5/15/2012,May,2012,Bio-Med,28400,Unknown
34,5/15/2012,May,2012,Bait,0,Unknown
37,5/15/2012,May,2012,Bio-Med,24000,Unknown
49,5/17/2012,May,2012,Bio-Med,54500,Unknown
37,5/17/2012,May,2012,Bio-Med,32000,Unknown
85,5/17/2012,May,2012,Bio-Med,14300,Unknown
77,5/17/2012,May,2012,Bio-Med,0,Unknown
85,5/18/2012,May,2012,Bio-Med,17200,Unknown
45,5/18/2012,May,2012,Bio-Med,35000,Unknown
49,5/18/2012,May,2012,Bio-Med,20000,Unknown
77,5/18/2012,May,2012,Bio-Med,0,Unknown
37,5/18/2012,May,2012,Bio-Med,82400,Unknown
35,5/23/2012,May,2012,Bio-Med,50500,Female
13,5/23/2012,May,2012,Bio-Med,50500,Male
13,5/23/2012,May,2012,Bio-Med,18500,Male
45,5/23/2012,May,2012,Bio-Med,28000,Female
45,5/23/2012,May,2012,Bio-Med,28000,Male
35,5/23/2012,May,2012,Bio-Med,18500,Male
77,5/25/2012,May,2012,Bio-Med,0,Unknown
77,6/1/2012,Jun,2012,Bio-Med,0,Unknown
43,6/1/2012,Jun,2012,Bait,0,Unknown
20,6/4/2012,Jun,2012,Bait,0,Unknown
13,6/5/2012,Jun,2012,Bio-Med,50000,Male
35,6/5/2012,Jun,2012,Bio-Med,27000,Female
45,6/5/2012,Jun,2012,Bio-Med,10900,Female
35,6/5/2012,Jun,2012,Bio-Med,50000,Male
13,6/5/2012,Jun,2012,Bio-Med,27000,Female
45,6/5/2012,Jun,2012,Bio-Med,20100,Male
77,6/8/2012,Jun,2012,Bio-Med,0,Unknown
20,6/9/2012,Jun,2012,Bio-Med,0,Unknown
40,6/12/2012,Jun,2012,Bait,0,Unknown
6,6/15/2012,Jun,2012,Bait,0,Unknown
75,6/26/2012,Jun,2012,Bait,0,Unknown
43,7/1/2012,Jul,2012,Bio-Med,0,Unknown
40,7/2/2012,Jul,2012,Bait,0,Unknown
77,7/13/2012,Jul,2012,Bio-Med,0,Unknown
77,7/20/2012,Jul,2012,Bait,0,Unknown
20,7/20/2012,Jul,2012,Bait,0,Unknown
20,7/27/2012,Jul,2012,Bio-Med,0,Unknown
77,7/27/2012,Jul,2012,Bio-Med,0,Unknown
40,8/1/2012,Aug,2012,Bio-Med,0,Unknown
43,8/1/2012,Aug,2012,Bio-Med,0,Unknown
20,8/3/2012,Aug,2012,Bio-Med,0,Unknown
77,8/3/2012,Aug,2012,Bio-Med,0,Unknown
77,8/10/2012,Aug,2012,Bio-Med,0,Unknown
77,8/17/2012,Aug,2012,Bio-Med,0,Unknown
77,8/24/2012,Aug,2012,Bio-Med,0,Unknown
20,8/24/2012,Aug,2012,Bio-Med,0,Unknown
20,8/31/2012,Aug,2012,Bio-Med,0,Unknown
77,8/31/2012,Aug,2012,Bio-Med,0,Unknown
20,9/7/2012,Sep,2012,Bio-Med,0,Unknown
77,9/7/2012,Sep,2012,Bio-Med,0,Unknown
2013-6,1/11/2013,Jan,2013,Bait,0,Unknown
2013-6,1/18/2013,Jan,2013,Bait,0,Unknown
2013-6,1/25/2013,Jan,2013,Bait,0,Unknown
2013-92,1/31/2013,Jan,2013,Bait,0,Unknown
2013-70,1/31/2013,Jan,2013,Bait,0,Unknown
2013-71,1/31/2013,Jan,2013,Bait,0,Unknown
2013-2,1/31/2013,Jan,2013,Bait,0,Unknown
2013-6,2/1/2013,Feb,2013,Bait,0,Unknown
2013-6,2/8/2013,Feb,2013,Bait,0,Unknown
2013-6,2/15/2013,Feb,2013,Bait,0,Unknown
2013-6,2/22/2013,Feb,2013,Bait,0,Unknown
2013-2,2/28/2013,Feb,2013,Bait,0,Unknown
2013-71,2/28/2013,Feb,2013,Bait,0,Unknown
2013-70,2/28/2013,Feb,2013,Bait,0,Unknown
2013-92,2/28/2013,Feb,2013,Bait,0,Unknown
2013-6,3/1/2013,Mar,2013,Bait,0,Unknown
2013-6,3/8/2013,Mar,2013,Bait,0,Unknown
2013-6,3/15/2013,Mar,2013,Bait,0,Unknown
2013-4,3/15/2013,Mar,2013,Bait,0,Unknown
2013-6,3/22/2013,Mar,2013,Bait,0,Unknown
2013-4,3/22/2013,Mar,2013,Bait,0,Unknown
2013-6,3/29/2013,Mar,2013,Bait,0,Unknown
2013-4,3/29/2013,Mar,2013,Bait,0,Unknown
2013-6,3/30/2013,Mar,2013,Bait,0,Unknown
2013-6,3/30/2013,Mar,2013,Bait,0,Unknown
2013-92,3/31/2013,Mar,2013,Bait,0,Unknown
2013-71,3/31/2013,Mar,2013,Bait,0,Unknown
2013-2,3/31/2013,Mar,2013,Bait,0,Unknown
2013-70,3/31/2013,Mar,2013,Bait,0,Unknown
2013-2,4/5/2013,Apr,2013,Bait,1300,Male
2013-2,4/5/2013,Apr,2013,Bait,700,Female
2013-87,4/5/2013,Apr,2013,Bait,0,Unknown
2013-77,4/5/2013,Apr,2013,Bait,0,Unknown
2013-6,4/5/2013,Apr,2013,Bait,0,Unknown
2013-15,4/5/2013,Apr,2013,Bait,0,Unknown
2013-11,4/5/2013,Apr,2013,Bait,0,Unknown
2013-97,4/5/2013,Apr,2013,Bait,0,Unknown
2013-4,4/5/2013,Apr,2013,Bait,0,Unknown
2013-87,4/12/2013,Apr,2013,Bait,0,Unknown
2013-88,4/12/2013,Apr,2013,Bait,0,Unknown
2013-6,4/12/2013,Apr,2013,Bait,0,Unknown
2013-81,4/12/2013,Apr,2013,Bait,0,Unknown
2013-77,4/12/2013,Apr,2013,Bait,0,Unknown
2013-3,4/12/2013,Apr,2013,Bait,0,Unknown
2013-57,4/12/2013,Apr,2013,Bait,0,Unknown
2013-2,4/12/2013,Apr,2013,Bait,5700,Male
2013-54,4/12/2013,Apr,2013,Bait,0,Unknown
2013-100,4/12/2013,Apr,2013,Bait,0,Unknown
2013-36,4/12/2013,Apr,2013,Bait,0,Unknown
2013-4,4/12/2013,Apr,2013,Bait,0,Unknown
2013-2,4/12/2013,Apr,2013,Bait,2800,Female
2013-97,4/12/2013,Apr,2013,Bait,0,Unknown
2013-2,4/19/2013,Apr,2013,Bait,10700,Male
2013-77,4/19/2013,Apr,2013,Bait,0,Unknown
2013-81,4/19/2013,Apr,2013,Bait,0,Unknown
2013-36,4/19/2013,Apr,2013,Bait,0,Unknown
2013-87,4/19/2013,Apr,2013,Bait,0,Unknown
2013-97,4/19/2013,Apr,2013,Bait,0,Unknown
2013-1,4/19/2013,Apr,2013,Bait,0,Unknown
2013-2,4/19/2013,Apr,2013,Bait,8200,Female
2013-100,4/19/2013,Apr,2013,Bait,300,Male
2013-15,4/19/2013,Apr,2013,Bait,2500,Male
2013-15,4/19/2013,Apr,2013,Bait,1500,Female
2013-102,4/19/2013,Apr,2013,Bait,0,Unknown
2013-107,4/19/2013,Apr,2013,Bait,0,Unknown
2013-54,4/19/2013,Apr,2013,Bait,0,Unknown
2013-57,4/19/2013,Apr,2013,Bait,0,Unknown
2013-6,4/19/2013,Apr,2013,Bait,0,Unknown
2013-75,4/19/2013,Apr,2013,Bait,0,Unknown
2013-103,4/19/2013,Apr,2013,Bait,0,Unknown
2013-91,4/19/2013,Apr,2013,Bait,0,Unknown
2013-4,4/19/2013,Apr,2013,Bait,0,Unknown
2013-60,4/19/2013,Apr,2013,Bait,0,Unknown
2013-59,4/19/2013,Apr,2013,Bait,0,Unknown
2013-3,4/19/2013,Apr,2013,Bait,0,Unknown
2013-98,4/19/2013,Apr,2013,Bait,0,Unknown
2013-20,4/26/2013,Apr,2013,Bait,0,Unknown
2013-3,4/26/2013,Apr,2013,Bait,0,Unknown
2013-102,4/26/2013,Apr,2013,Bait,0,Unknown
2013-97,4/26/2013,Apr,2013,Bait,100,Male
2013-57,4/26/2013,Apr,2013,Bait,0,Unknown
2013-87,4/26/2013,Apr,2013,Bait,0,Unknown
2013-54,4/26/2013,Apr,2013,Bait,0,Unknown
2013-36,4/26/2013,Apr,2013,Bait,0,Unknown
2013-97,4/26/2013,Apr,2013,Bait,0,Unknown
2013-107,4/26/2013,Apr,2013,Bait,1800,Male
2013-102,4/26/2013,Apr,2013,Bait,400,Female
2013-103,4/26/2013,Apr,2013,Bait,0,Unknown
2013-110,4/26/2013,Apr,2013,Bait,23800,Unknown
2013-63,4/26/2013,Apr,2013,Bait,93000,Unknown
2013-49,4/26/2013,Apr,2013,Bait,150500,Unknown
2013-37,4/26/2013,Apr,2013,Bait,100000,Unknown
2013-35,4/26/2013,Apr,2013,Bait,29600,Male
2013-35,4/26/2013,Apr,2013,Bait,44400,Female
2013-6,4/26/2013,Apr,2013,Bait,0,Unknown
2013-107,4/26/2013,Apr,2013,Bait,200,Female
2013-100,4/26/2013,Apr,2013,Bait,0,Unknown
2013-2,4/26/2013,Apr,2013,Bait,8000,Female
2013-2,4/26/2013,Apr,2013,Bait,9200,Male
2013-81,4/26/2013,Apr,2013,Bait,300,Male
2013-77,4/26/2013,Apr,2013,Bait,100,Female
2013-77,4/26/2013,Apr,2013,Bait,300,Male
2013-15,4/26/2013,Apr,2013,Bait,2000,Female
2013-15,4/26/2013,Apr,2013,Bait,2000,Male
2013-98,4/26/2013,Apr,2013,Bait,0,Unknown
2013-102,4/26/2013,Apr,2013,Bait,300,Male
2013-79,4/26/2013,Apr,2013,Bait,1000,Unknown
2013-55,5/3/2013,May,2013,Bait,46000,Male
2013-28,5/3/2013,May,2013,Bait,9000,Male
2013-109,5/3/2013,May,2013,Bait,0,Unknown
2013-19,5/3/2013,May,2013,Bait,800,Female
2013-3,5/3/2013,May,2013,Bait,0,Unknown
2013-2,5/3/2013,May,2013,Bait,18500,Male
2013-2,5/3/2013,May,2013,Bait,14100,Female
2013-79,5/3/2013,May,2013,Bait,0,Unknown
2013-42,5/3/2013,May,2013,Bait,9000,Female
2013-49,5/3/2013,May,2013,Bait,85500,Male
2013-28,5/3/2013,May,2013,Bait,6500,Female
2013-85,5/3/2013,May,2013,Bait,46000,Female
2013-27,5/3/2013,May,2013,Bait,10900,Female
2013-27,5/3/2013,May,2013,Bait,17800,Male
2013-73,5/3/2013,May,2013,Bait,24000,Female
2013-23,5/3/2013,May,2013,Bait,52100,Male
2013-23,5/3/2013,May,2013,Bait,52200,Female
2013-4,5/3/2013,May,2013,Bait,0,Unknown
2013-79,5/3/2013,May,2013,Bait,1000,Unknown
2013-42,5/3/2013,May,2013,Bait,3200,Male
2013-75,5/3/2013,May,2013,Bait,1700,Female
2013-97,5/3/2013,May,2013,Bait,0,Unknown
2013-12,5/3/2013,May,2013,Bait,0,Unknown
2013-15,5/3/2013,May,2013,Bait,12500,Male
2013-15,5/3/2013,May,2013,Bait,10000,Female
2013-58,5/3/2013,May,2013,Bait,6000,Female
2013-58,5/3/2013,May,2013,Bait,300,Male
2013-6,5/3/2013,May,2013,Bait,0,Unknown
2013-49,5/3/2013,May,2013,Bait,85000,Female
2013-82,5/3/2013,May,2013,Bait,1900,Female
2013-98,5/3/2013,May,2013,Bait,0,Unknown
2013-100,5/3/2013,May,2013,Bait,0,Unknown
2013-95,5/3/2013,May,2013,Bait,0,Unknown
2013-60,5/3/2013,May,2013,Bait,18000,Male
2013-60,5/3/2013,May,2013,Bait,4200,Female
2013-37,5/3/2013,May,2013,Bait,24000,Male
2013-37,5/3/2013,May,2013,Bait,23400,Female
2013-85,5/3/2013,May,2013,Bait,50000,Male
2013-82,5/3/2013,May,2013,Bait,3400,Male
2013-102,5/3/2013,May,2013,Bait,400,Male
2013-33,5/3/2013,May,2013,Bait,0,Unknown
2013-107,5/3/2013,May,2013,Bait,0,Unknown
2013-21,5/3/2013,May,2013,Bait,1000,Male
2013-21,5/3/2013,May,2013,Bait,800,Female
2013-22,5/3/2013,May,2013,Bait,600,Male
2013-22,5/3/2013,May,2013,Bait,800,Female
2013-20,5/3/2013,May,2013,Bait,0,Unknown
2013-104,5/3/2013,May,2013,Bait,32000,Female
2013-73,5/3/2013,May,2013,Bait,32300,Male
2013-102,5/3/2013,May,2013,Bait,200,Female
2013-54,5/3/2013,May,2013,Bait,0,Unknown
2013-57,5/3/2013,May,2013,Bait,14000,Male
2013-57,5/3/2013,May,2013,Bait,14200,Male
2013-57,5/3/2013,May,2013,Bait,14000,Female
2013-103,5/3/2013,May,2013,Bait,0,Unknown
2013-74,5/3/2013,May,2013,Bait,2800,Male
2013-74,5/3/2013,May,2013,Bait,2500,Female
2013-1,5/3/2013,May,2013,Bait,4500,Male
2013-1,5/3/2013,May,2013,Bait,4000,Female
2013-104,5/3/2013,May,2013,Bait,34000,Male
2013-93,5/3/2013,May,2013,Bait,0,Unknown
2013-29,5/3/2013,May,2013,Bait,75000,Female
2013-65,5/3/2013,May,2013,Bait,1500,Male
2013-65,5/3/2013,May,2013,Bait,1300,Female
2013-77,5/3/2013,May,2013,Bait,8500,Female
2013-77,5/3/2013,May,2013,Bait,8600,Male
2013-91,5/3/2013,May,2013,Bait,9400,Male
2013-91,5/3/2013,May,2013,Bait,8200,Female
2013-2,5/3/2013,May,2013,Bait,31400,Male
2013-36,5/3/2013,May,2013,Bait,1700,Female
2013-2,5/3/2013,May,2013,Bait,24800,Female
2013-36,5/3/2013,May,2013,Bait,500,Male
2013-23,5/3/2013,May,2013,Bait,52600,Male
2013-23,5/3/2013,May,2013,Bait,52700,Female
2013-55,5/3/2013,May,2013,Bait,53500,Female
2013-87,5/3/2013,May,2013,Bait,0,Unknown
2013-29,5/3/2013,May,2013,Bait,74500,Male
2013-37,5/6/2013,May,2013,Bio-Med,12000,Unknown
2013-110,5/7/2013,May,2013,Bio-Med,17100,Unknown
2013-37,5/7/2013,May,2013,Bio-Med,18000,Unknown
2013-63,5/7/2013,May,2013,Bio-Med,7600,Unknown
2013-49,5/7/2013,May,2013,Bio-Med,35500,Unknown
2013-111,5/10/2013,May,2013,Bait,12800,Male
2013-87,5/10/2013,May,2013,Bait,0,Unknown
2013-95,5/10/2013,May,2013,Bait,0,Unknown
2013-102,5/10/2013,May,2013,Bait,600,Female
2013-41,5/10/2013,May,2013,Bait,0,Unknown
2013-88,5/10/2013,May,2013,Bait,0,Unknown
2013-72,5/10/2013,May,2013,Bait,22300,Male
2013-73,5/10/2013,May,2013,Bait,28400,Female
2013-77,5/10/2013,May,2013,Bait,0,Unknown
2013-20,5/10/2013,May,2013,Bait,0,Unknown
2013-72,5/10/2013,May,2013,Bait,28400,Female
2013-111,5/10/2013,May,2013,Bait,8300,Female
2013-102,5/10/2013,May,2013,Bait,700,Male
2013-54,5/10/2013,May,2013,Bait,0,Unknown
2013-100,5/10/2013,May,2013,Bait,0,Unknown
2013-90,5/10/2013,May,2013,Bait,0,Unknown
2013-57,5/10/2013,May,2013,Bio-Med,4500,Female
2013-57,5/10/2013,May,2013,Bio-Med,4500,Male
2013-57,5/10/2013,May,2013,Bait,0,Unknown
2013-97,5/10/2013,May,2013,Bait,0,Unknown
2013-6,5/10/2013,May,2013,Bait,0,Unknown
2013-81,5/10/2013,May,2013,Bait,0,Unknown
2013-63,5/12/2013,May,2013,Bio-Med,91300,Unknown
2013-49,5/12/2013,May,2013,Bio-Med,53500,Unknown
2013-110,5/12/2013,May,2013,Bio-Med,20000,Unknown
2013-37,5/12/2013,May,2013,Bio-Med,58600,Unknown
2013-57,5/13/2013,May,2013,Bio-Med,16000,Unknown
2013-49,5/13/2013,May,2013,Bio-Med,66000,Unknown
2013-63,5/13/2013,May,2013,Bio-Med,17300,Unknown
2013-110,5/13/2013,May,2013,Bio-Med,15000,Unknown
2013-57,5/14/2013,May,2013,Bio-Med,13600,Unknown
2013-63,5/14/2013,May,2013,Bio-Med,50800,Unknown
2013-63,5/15/2013,May,2013,Bio-Med,17700,Unknown
2013-6,5/17/2013,May,2013,Bio-Med,0,Unknown
2013-87,5/17/2013,May,2013,Bio-Med,0,Unknown
2013-49,5/17/2013,May,2013,Bio-Med,7500,Unknown
2013-77,5/17/2013,May,2013,Bait,0,Unknown
2013-100,5/17/2013,May,2013,Bait,0,Unknown
2013-97,5/17/2013,May,2013,Bait,0,Unknown
2013-79,5/17/2013,May,2013,Bait,0,Unknown
2013-54,5/17/2013,May,2013,Bio-Med,0,Unknown
2013-81,5/17/2013,May,2013,Bait,200,Female
2013-81,5/17/2013,May,2013,Bait,1300,Male
2013-20,5/17/2013,May,2013,Bait,0,Unknown
2013-37,5/20/2013,May,2013,Bio-Med,16300,Unknown
2013-49,5/21/2013,May,2013,Bio-Med,60000,Unknown
2013-37,5/21/2013,May,2013,Bio-Med,40000,Unknown
2013-49,5/22/2013,May,2013,Bio-Med,59000,Unknown
2013-37,5/22/2013,May,2013,Bio-Med,30000,Unknown
2013-49,5/23/2013,May,2013,Bio-Med,44000,Unknown
2013-45,5/24/2013,May,2013,Bio-Med,69500,Unknown
2013-77,5/24/2013,May,2013,Bio-Med,0,Unknown
2013-20,5/24/2013,May,2013,Bio-Med,0,Unknown
2013-13,5/24/2013,May,2013,Bio-Med,198000,Unknown
2013-45,5/24/2013,May,2013,Bio-Med,0,Unknown
2013-98,5/24/2013,May,2013,Bio-Med,0,Unknown
2013-6,5/24/2013,May,2013,Bio-Med,0,Unknown
2013-54,5/24/2013,May,2013,Bio-Med,0,Unknown
2013-87,5/24/2013,May,2013,Bio-Med,0,Unknown
2013-35,5/24/2013,May,2013,Bio-Med,274500,Unknown
2013-37,5/28/2013,May,2013,Bio-Med,23500,Unknown
2013-81,5/31/2013,May,2013,Bio-Med,0,Unknown
2013-13,5/31/2013,May,2013,Bio-Med,52300,Unknown
2013-45,5/31/2013,May,2013,Bio-Med,29000,Unknown
2013-35,5/31/2013,May,2013,Bio-Med,62200,Unknown
2013-54,5/31/2013,May,2013,Bio-Med,0,Unknown
2013-98,5/31/2013,May,2013,Bait,0,Unknown
2013-77,5/31/2013,May,2013,Bait,0,Unknown
2013-98,5/31/2013,May,2013,Bio-Med,0,Unknown
2013-6,5/31/2013,May,2013,Bio-Med,0,Unknown
2013-77,5/31/2013,May,2013,Bio-Med,0,Unknown
2013-79,5/31/2013,May,2013,Bio-Med,0,Unknown
2013-6,5/31/2013,May,2013,Bait,0,Unknown
2013-20,5/31/2013,May,2013,Bio-Med,0,Unknown
2013-87,5/31/2013,May,2013,Bait,0,Unknown
2013-20,6/7/2013,Jun,2013,Bait,0,Unknown
2013-98,6/7/2013,Jun,2013,Bait,0,Unknown
2013-54,6/7/2013,Jun,2013,Bio-Med,0,Unknown
2013-77,6/7/2013,Jun,2013,Bio-Med,0,Unknown
2013-6,6/7/2013,Jun,2013,Bio-Med,0,Unknown
2013-87,6/7/2013,Jun,2013,Bait,0,Unknown
2013-77,6/14/2013,Jun,2013,Bio-Med,0,Unknown
2013-73,6/14/2013,Jun,2013,Bio-Med,0,Unknown
2013-72,6/14/2013,Jun,2013,Bio-Med,0,Unknown
2013-6,6/14/2013,Jun,2013,Bio-Med,0,Unknown
2013-81,6/14/2013,Jun,2013,Bio-Med,0,Unknown
2013-87,6/14/2013,Jun,2013,Bio-Med,0,Unknown
2013-20,6/14/2013,Jun,2013,Bio-Med,0,Unknown
2013-54,6/21/2013,Jun,2013,Bio-Med,0,Unknown
2013-77,6/21/2013,Jun,2013,Bio-Med,0,Unknown
2013-87,6/21/2013,Jun,2013,Bio-Med,0,Unknown
2013-20,6/21/2013,Jun,2013,Bio-Med,0,Unknown
2013-6,6/21/2013,Jun,2013,Bio-Med,0,Unknown
2013-6,6/27/2013,Jun,2013,Bio-Med,0,Unknown
2013-20,6/27/2013,Jun,2013,Bio-Med,0,Unknown
2013-87,6/27/2013,Jun,2013,Bio-Med,0,Unknown
2013-77,6/27/2013,Jun,2013,Bio-Med,0,Unknown
2013-20,7/5/2013,Jul,2013,Bio-Med,0,Unknown
2013-77,7/5/2013,Jul,2013,Bio-Med,0,Unknown
2013-6,7/5/2013,Jul,2013,Bio-Med,0,Unknown
2013-87,7/5/2013,Jul,2013,Bio-Med,0,Unknown
2013-20,7/12/2013,Jul,2013,Bio-Med,0,Unknown
2013-20,7/12/2013,Jul,2013,Bio-Med,0,Unknown
2013-6,7/12/2013,Jul,2013,Bio-Med,0,Unknown
2013-6,7/12/2013,Jul,2013,Bio-Med,0,Unknown
2013-77,7/12/2013,Jul,2013,Bio-Med,0,Unknown
2013-114,7/12/2013,Jul,2013,Bio-Med,0,Unknown
2013-87,7/12/2013,Jul,2013,Bio-Med,0,Unknown
2013-6,7/19/2013,Jul,2013,Bio-Med,0,Unknown
2013-114,7/19/2013,Jul,2013,Bio-Med,0,Unknown
2013-54,7/19/2013,Jul,2013,Bio-Med,0,Unknown
2013-87,7/19/2013,Jul,2013,Bio-Med,0,Unknown
2013-6,7/19/2013,Jul,2013,Bio-Med,0,Unknown
2013-20,7/26/2013,Jul,2013,Bio-Med,0,Unknown
2013-87,7/26/2013,Jul,2013,Bio-Med,0,Unknown
2013-6,7/26/2013,Jul,2013,Bio-Med,0,Unknown
2013-54,7/26/2013,Jul,2013,Bio-Med,0,Unknown
2013-77,7/26/2013,Jul,2013,Bio-Med,0,Unknown
2013-6,8/2/2013,Aug,2013,Bio-Med,0,Unknown
2013-87,8/2/2013,Aug,2013,Bio-Med,0,Unknown
2013-77,8/2/2013,Aug,2013,Bio-Med,0,Unknown
2013-20,8/2/2013,Aug,2013,Bio-Med,0,Unknown
2013-54,8/2/2013,Aug,2013,Bio-Med,0,Unknown
2013-87,8/9/2013,Aug,2013,Bio-Med,0,Unknown
2013-6,8/16/2013,Aug,2013,Bio-Med,0,Unknown
2013-87,8/16/2013,Aug,2013,Bio-Med,0,Unknown
2013-20,8/16/2013,Aug,2013,Bio-Med,0,Unknown
2013-6,8/23/2013,Aug,2013,Bio-Med,0,Unknown
2013-81,8/27/2013,Aug,2013,Bio-Med,0,Unknown
2013-20,8/30/2013,Aug,2013,Bio-Med,0,Unknown
2013-6,8/30/2013,Aug,2013,Bio-Med,0,Unknown
2013-77,8/31/2013,Aug,2013,Bio-Med,0,Unknown
2013-20,9/13/2013,Sep,2013,Bio-Med,0,Unknown
2013-6,9/20/2013,Sep,2013,Bio-Med,0,Unknown
2013-20,9/20/2013,Sep,2013,Bio-Med,0,Unknown
2013-6,9/27/2013,Sep,2013,Bio-Med,0,Unknown
2013-20,9/27/2013,Sep,2013,Bio-Med,0,Unknown
2013-81,9/30/2013,Sep,2013,Bio-Med,0,Unknown
2013-77,9/30/2013,Sep,2013,Bio-Med,0,Unknown
2013-6,10/4/2013,Oct,2013,Bio-Med,0,Unknown
2013-20,10/4/2013,Oct,2013,Bio-Med,0,Unknown
2013-20,10/11/2013,Oct,2013,Bio-Med,0,Unknown
2013-6,10/11/2013,Oct,2013,Bio-Med,0,Unknown
2013-87,10/18/2013,Oct,2013,Bio-Med,0,Unknown
2013-6,10/18/2013,Oct,2013,Bio-Med,0,Unknown
2013-6,10/25/2013,Oct,2013,Bio-Med,0,Unknown
2013-20,10/25/2013,Oct,2013,Bio-Med,0,Unknown
2013-77,10/31/2013,Oct,2013,Bio-Med,0,Unknown
2013-81,10/31/2013,Oct,2013,Bio-Med,0,Unknown
2013-6,11/1/2013,Nov,2013,Bio-Med,0,Unknown
2013-20,11/1/2013,Nov,2013,Bio-Med,0,Unknown
2013-6,11/8/2013,Nov,2013,Bio-Med,0,Unknown
2013-20,11/15/2013,Nov,2013,Bio-Med,0,Unknown
2013-6,11/22/2013,Nov,2013,Bio-Med,0,Unknown
2013-6,11/29/2013,Nov,2013,Bio-Med,0,Unknown
2013-81,11/30/2013,Nov,2013,Bio-Med,0,Unknown
2013-77,11/30/2013,Nov,2013,Bio-Med,0,Unknown
2013-6,12/6/2013,Dec,2013,Bio-Med,0,Unknown
2013-6,12/13/2013,Dec,2013,Bio-Med,0,Unknown
2013-6,12/20/2013,Dec,2013,Bio-Med,0,Unknown
2013-6,12/27/2013,Dec,2013,Bio-Med,0,Unknown
2013-77,12/31/2013,Dec,2013,Bio-Med,0,Unknown
2013-81,12/31/2013,Dec,2013,Bio-Med,0,Unknown
2013-87,12/31/2013,Dec,2013,Bio-Med,0,Unknown
2014-11,1/3/2014,Jan,2014,Bait,0,Unknown
2014-11,1/10/2014,Jan,2014,Bait,0,Unknown
2014-11,1/17/2014,Jan,2014,Bait,0,Unknown
2014-11,1/24/2014,Jan,2014,Bait,0,Unknown
2014-11,1/31/2014,Jan,2014,Bait,0,Unknown
11,2/4/2014,Feb,2014,Bait,0,Unknown
11,2/4/2014,Feb,2014,Bio-Med,0,Unknown
36,2/7/2014,Feb,2014,Bio-Med,0,Unknown
36,2/7/2014,Feb,2014,Bait,0,Unknown
2014-11,2/7/2014,Feb,2014,Bait,0,Unknown
2014-11,2/14/2014,Feb,2014,Bait,0,Unknown
10,2/21/2014,Feb,2014,Bait,0,Unknown
2014-11,2/21/2014,Feb,2014,Bait,0,Unknown
10,2/21/2014,Feb,2014,Bait,0,Unknown
2014-14,2/28/2014,Feb,2014,Bait,0,Unknown
11,2/28/2014,Feb,2014,Bait,0,Unknown
2014-11,2/28/2014,Feb,2014,Bait,0,Unknown
11,2/28/2014,Feb,2014,Bio-Med,0,Unknown
13,3/1/2014,Mar,2014,Bio-Med,0,Unknown
13,3/1/2014,Mar,2014,Bait,0,Unknown
36,3/7/2014,Mar,2014,Bio-Med,0,Unknown
2014-10,3/7/2014,Mar,2014,Bait,0,Unknown
36,3/7/2014,Mar,2014,Bio-Med,0,Unknown
2013-3,3/7/2014,Mar,2014,Bait,0,Unknown
36,3/7/2014,Mar,2014,Bait,0,Unknown
2014-11,3/7/2014,Mar,2014,Bait,0,Unknown
36,3/7/2014,Mar,2014,Bait,0,Unknown
14,3/14/2014,Mar,2014,Bait,0,Unknown
36,3/17/2014,Mar,2014,Bait,0,Unknown
15,3/18/2014,Mar,2014,Bait,0,Unknown
15,3/18/2014,Mar,2014,Bio-Med,0,Unknown
41,3/20/2014,Mar,2014,Bait,0,Unknown
12,3/21/2014,Mar,2014,Bait,0,Unknown
15,3/21/2014,Mar,2014,Bait,0,Unknown
11,3/21/2014,Mar,2014,Bait,0,Unknown
36,3/24/2014,Mar,2014,Bait,0,Unknown
36,3/28/2014,Mar,2014,Bait,0,Unknown
10,3/28/2014,Mar,2014,Bait,200,Male
10,3/28/2014,Mar,2014,Bait,100,Female
15,3/28/2014,Mar,2014,Bait,0,Unknown
14,3/28/2014,Mar,2014,Bait,0,Unknown
15,3/28/2014,Mar,2014,Bio-Med,0,Unknown
11,3/31/2014,Mar,2014,Bait,0,Unknown
10,4/2/2014,Apr,2014,Bait,100,Female
10,4/2/2014,Apr,2014,Bait,200,Male
36,4/4/2014,Apr,2014,Bait,0,Unknown
2014-10,4/4/2014,Apr,2014,Bait,100,Female
2014-10,4/4/2014,Apr,2014,Bait,100,Male
2014-11,4/6/2014,Apr,2014,Bait,0,Unknown
2014-36,4/11/2014,Apr,2014,Bait,0,Unknown
2014-03,4/11/2014,Apr,2014,Bait,0,Unknown
2014-10,4/11/2014,Apr,2014,Bait,2400,Female
2014-15,4/11/2014,Apr,2014,Bait,0,Unknown
2014-10,4/11/2014,Apr,2014,Bait,1900,Male
10,4/14/2014,Apr,2014,Bait,100,Female
2014-11,4/14/2014,Apr,2014,Bait,0,Unknown
2014-45,4/14/2014,Apr,2014,Bait,0,Unknown
10,4/14/2014,Apr,2014,Bait,100,Male
2014-41,4/15/2014,Apr,2014,Bait,0,Unknown
2014-14,4/15/2014,Apr,2014,Bait,0,Unknown
2014-36,4/18/2014,Apr,2014,Bait,0,Unknown
2014-24,4/18/2014,Apr,2014,Bait,0,Unknown
2014-10,4/18/2014,Apr,2014,Bait,4100,Male
2014-10,4/18/2014,Apr,2014,Bait,3700,Female
2014-24,4/19/2014,Apr,2014,Bait,2000,Female
2014-49,4/19/2014,Apr,2014,Bait,0,Unknown
2014-15,4/19/2014,Apr,2014,Bait,0,Unknown
2014-24,4/19/2014,Apr,2014,Bait,1000,Male
2014-07,4/19/2014,Apr,2014,Bait,0,Unknown
2014-45,4/20/2014,Apr,2014,Bait,0,Unknown
2014-41,4/20/2014,Apr,2014,Bait,0,Unknown
2014-11,4/20/2014,Apr,2014,Bait,0,Unknown
2014-14,4/22/2014,Apr,2014,Bait,0,Unknown
2014-16,4/23/2014,Apr,2014,Bait,0,Unknown
2014-12,4/24/2014,Apr,2014,Bait,0,Unknown
2014-45,4/25/2014,Apr,2014,Bait,0,Unknown
2014-10,4/25/2014,Apr,2014,Bait,10000,Male
2014-10,4/25/2014,Apr,2014,Bait,8800,Female
2014-44,4/25/2014,Apr,2014,Bait,0,Unknown
2014-7,4/25/2014,Apr,2014,Bait,0,Unknown
2014-15,4/25/2014,Apr,2014,Bait,0,Unknown
2014-24,4/25/2014,Apr,2014,Bait,1500,Female
2014-24,4/25/2014,Apr,2014,Bait,1000,Male
2014-11,4/26/2014,Apr,2014,Bait,0,Unknown
2014-41,4/26/2014,Apr,2014,Bait,0,Unknown
2014-49,4/26/2014,Apr,2014,Bait,0,Unknown
2014-36,4/26/2014,Apr,2014,Bait,0,Unknown
2014-45,5/2/2014,May,2014,Bait,100,Male
2014-35,5/2/2014,May,2014,Bait,0,Unknown
2014-49,5/2/2014,May,2014,Bait,0,Unknown
2014-79,5/2/2014,May,2014,Bait,0,Unknown
2014-24,5/2/2014,May,2014,Bait,3000,Male
2014-24,5/2/2014,May,2014,Bait,1000,Female
2014-44,5/2/2014,May,2014,Bait,0,Unknown
2014-39,5/2/2014,May,2014,Bait,0,Unknown
2014-45,5/2/2014,May,2014,Bait,100,Female
2014-10,5/2/2014,May,2014,Bait,2600,Female
2014-19,5/2/2014,May,2014,Bait,0,Unknown
2014-07,5/2/2014,May,2014,Bait,0,Unknown
2014-36,5/2/2014,May,2014,Bait,0,Unknown
2014-11,5/2/2014,May,2014,Bait,0,Unknown
2014-10,5/2/2014,May,2014,Bait,10900,Male
2014-04,5/8/2014,May,2014,Bait,200,Female
2014-47,5/8/2014,May,2014,Bait,0,Unknown
2014-04,5/8/2014,May,2014,Bait,900,Male
2014-43,5/9/2014,May,2014,Bait,0,Unknown
2014-19,5/9/2014,May,2014,Bait,0,Unknown
2014-11,5/9/2014,May,2014,Bait,0,Unknown
2014-05,5/9/2014,May,2014,Bait,7800,Female
2014-03,5/9/2014,May,2014,Bait,0,Unknown
2014-45,5/9/2014,May,2014,Bait,200,Male
2014-10,5/9/2014,May,2014,Bait,24800,Female
2014-15,5/9/2014,May,2014,Bait,0,Unknown
2014-35,5/9/2014,May,2014,Bait,0,Unknown
2014-19,5/9/2014,May,2014,Bait,400,Male
2014-49,5/9/2014,May,2014,Bait,0,Unknown
2014-09,5/9/2014,May,2014,Bait,0,Unknown
2014-04,5/9/2014,May,2014,Bait,800,Male
2014-04,5/9/2014,May,2014,Bait,100,Female
2014-7,5/9/2014,May,2014,Bait,0,Unknown
2014-10,5/9/2014,May,2014,Bait,14900,Male
2014-50,5/9/2014,May,2014,Bait,0,Unknown
2014-19,5/9/2014,May,2014,Bait,400,Female
2014-36,5/9/2014,May,2014,Bait,0,Unknown
2014-45,5/9/2014,May,2014,Bait,400,Female
2014-04,5/10/2014,May,2014,Bait,1100,Male
2014-23,5/10/2014,May,2014,Bait,13600,Unknown
2014-04,5/10/2014,May,2014,Bait,400,Female
2014-03,5/11/2014,May,2014,Bait,5600,Male
2014-03,5/11/2014,May,2014,Bait,6000,Female
2014-37,5/12/2014,May,2014,Bait,43500,Unknown
2014-23,5/12/2014,May,2014,Bait,7300,Unknown
2014-37,5/13/2014,May,2014,Bait,15700,Unknown
2014-06,5/13/2014,May,2014,Bait,31500,Female
2014-06,5/13/2014,May,2014,Bait,31500,Male
2014-17,5/13/2014,May,2014,Bait,31500,Female
2014-28,5/13/2014,May,2014,Bait,29000,Male
2014-17,5/13/2014,May,2014,Bait,31500,Male
2014-28,5/13/2014,May,2014,Bait,29000,Female
2014-31,5/14/2014,May,2014,Bait,45000,Female
2014-31,5/14/2014,May,2014,Bait,45300,Male
2014-05,5/14/2014,May,2014,Bait,54600,Female
2014-05,5/14/2014,May,2014,Bait,54700,Male
2014-06,5/14/2014,May,2014,Bait,10000,Female
2014-06,5/14/2014,May,2014,Bait,10000,Male
2014-33,5/14/2014,May,2014,Bait,27900,Female
2014-33,5/14/2014,May,2014,Bait,27900,Male
2014-05,5/15/2014,May,2014,Bait,7900,Male
2014-05,5/15/2014,May,2014,Bait,54600,Female
2014-23,5/15/2014,May,2014,Bait,1500,Male
2014-23,5/15/2014,May,2014,Bait,4800,Female
2014-05,5/15/2014,May,2014,Bait,54700,Female
2014-21,5/16/2014,May,2014,Bait,0,Unknown
2014-35,5/16/2014,May,2014,Bait,16800,Female
2014-20,5/16/2014,May,2014,Bait,17600,Female
2014-45,5/16/2014,May,2014,Bait,0,Unknown
2014-11,5/16/2014,May,2014,Bait,0,Unknown
2014-26,5/16/2014,May,2014,Bait,22600,Female
2014-20,5/16/2014,May,2014,Bait,19400,Male
2014-26,5/16/2014,May,2014,Bait,22600,Male
2014-35,5/16/2014,May,2014,Bait,17000,Male
2014-03,5/16/2014,May,2014,Bait,0,Unknown
2014-15,5/16/2014,May,2014,Bait,0,Unknown
2014-39,5/16/2014,May,2014,Bait,3300,Male
2014-39,5/16/2014,May,2014,Bait,2300,Female
2014-09,5/16/2014,May,2014,Bait,0,Unknown
2014-33,5/16/2014,May,2014,Bait,28600,Male
2014-22,5/16/2014,May,2014,Bait,0,Unknown
2014-41,5/16/2014,May,2014,Bait,0,Unknown
2014-33,5/16/2014,May,2014,Bait,28500,Female
2014-36,5/17/2014,May,2014,Bait,0,Unknown
2014-01,5/17/2014,May,2014,Bait,0,Unknown
2014-42,5/18/2014,May,2014,Bait,20000,Female
2014-42,5/18/2014,May,2014,Bait,20000,Male
2014-07,5/23/2014,May,2014,Bait,0,Unknown
2014-36,5/23/2014,May,2014,Bait,0,Unknown
2014-39,5/23/2014,May,2014,Bait,0,Unknown
2014-35,5/23/2014,May,2014,Bait,0,Unknown
2014-15,5/23/2014,May,2014,Bait,0,Unknown
2014-34,5/24/2014,May,2014,Bait,8000,Female
2014-34,5/24/2014,May,2014,Bait,1200,Male
2014-01,5/24/2014,May,2014,Bait,200,Unknown
2014-28,5/24/2014,May,2014,Bio-Med,77900,Unknown
2014-06,5/24/2014,May,2014,Bio-Med,273800,Unknown
2014-17,5/24/2014,May,2014,Bio-Med,172500,Unknown
2014-45,5/27/2014,May,2014,Bait,300,Male
2014-45,5/27/2014,May,2014,Bait,500,Female
2014-38,5/31/2014,May,2014,Bait,2400,Female
2014-38,5/31/2014,May,2014,Bait,3500,Male
2014-36,5/31/2014,May,2014,Bait,0,Unknown
2014-11,5/31/2014,May,2014,Bait,0,Unknown
2014-07,6/1/2014,Jun,2014,Bait,8000,Female
2014-07,6/1/2014,Jun,2014,Bait,8000,Male
2014-10,6/4/2014,Jun,2014,Bait,26400,Female
2014-10,6/4/2014,Jun,2014,Bait,24000,Male
2014-03,6/4/2014,Jun,2014,Bait,0,Unknown
2014-39,6/4/2014,Jun,2014,Bait,0,Unknown
2014-28,6/6/2014,Jun,2014,Bio-Med,44300,Male
2014-06,6/6/2014,Jun,2014,Bio-Med,138200,Male
2014-28,6/6/2014,Jun,2014,Bio-Med,44300,Female
2014-15,6/6/2014,Jun,2014,Bait,0,Unknown
2014-17,6/6/2014,Jun,2014,Bio-Med,104500,Male
2014-07,6/6/2014,Jun,2014,Bio-Med,104400,Female
2014-39,6/6/2014,Jun,2014,Bait,0,Unknown
2014-36,6/6/2014,Jun,2014,Bait,0,Unknown
2014-35,6/6/2014,Jun,2014,Bait,0,Unknown
2014-07,6/6/2014,Jun,2014,Bait,0,Unknown
2014-06,6/6/2014,Jun,2014,Bio-Med,138200,Female
2014-41,6/6/2014,Jun,2014,Bait,0,Unknown
2014-11,6/6/2014,Jun,2014,Bait,0,Unknown
2014-24,6/13/2014,Jun,2014,Bait,4000,Female
2014-34,6/13/2014,Jun,2014,Bait,8000,Female
2014-34,6/13/2014,Jun,2014,Bait,1200,Male
2014-35,6/13/2014,Jun,2014,Bait,0,Unknown
2014-39,6/13/2014,Jun,2014,Bait,0,Unknown
2014-36,6/13/2014,Jun,2014,Bait,0,Unknown
2014-08,6/13/2014,Jun,2014,Bio-Med,188600,Unknown
2014-08,6/13/2014,Jun,2014,Bait,105000,Female
2014-08,6/13/2014,Jun,2014,Bait,111300,Male
2014-03,6/13/2014,Jun,2014,Bait,5600,Female
2014-24,6/13/2014,Jun,2014,Bait,7500,Male
2014-44,6/13/2014,Jun,2014,Bait,0,Unknown
2014-03,6/13/2014,Jun,2014,Bait,6000,Male
2014-11,6/13/2014,Jun,2014,Bait,0,Unknown
2014-07,6/13/2014,Jun,2014,Bait,0,Unknown
2014-36,6/13/2014,Jun,2014,Bait,0,Unknown
2014-11,6/13/2014,Jun,2014,Bait,0,Unknown
2014-11,6/18/2014,Jun,2014,Bait,0,Unknown
2014-36,6/20/2014,Jun,2014,Bait,0,Unknown
2014-07,6/20/2014,Jun,2014,Bait,0,Unknown
2014-11,6/20/2014,Jun,2014,Bait,0,Unknown
2014-15,6/20/2014,Jun,2014,Bait,0,Unknown
2014-35,6/20/2014,Jun,2014,Bait,0,Unknown
2014-35,6/25/2014,Jun,2014,Bait,0,Unknown
2014-11,6/27/2014,Jun,2014,Bait,0,Unknown
2014-35,6/27/2014,Jun,2014,Bait,0,Unknown
2014-36,6/27/2014,Jun,2014,Bait,0,Unknown
2014-12,6/27/2014,Jun,2014,Bait,0,Unknown
2014-41,6/27/2014,Jun,2014,Bait,0,Unknown
2014-35,7/4/2014,Jul,2014,Bait,0,Unknown
2014-11,7/4/2014,Jul,2014,Bait,0,Unknown
2014-36,7/11/2014,Jul,2014,Bait,0,Unknown
2014-35,7/11/2014,Jul,2014,Bait,0,Unknown
2014-11,7/12/2014,Jul,2014,Bait,0,Unknown
2014-35,7/18/2014,Jul,2014,Bait,0,Unknown
2014-36,7/18/2014,Jul,2014,Bait,0,Unknown
2014-36,7/25/2014,Jul,2014,Bait,0,Unknown
2014-35,8/1/2014,Aug,2014,Bait,0,Unknown
2014-11,8/1/2014,Aug,2014,Bait,0,Unknown
2014-35,8/5/2014,Aug,2014,Bait,0,Unknown
2014-11,8/5/2014,Aug,2014,Bait,0,Unknown
2014-36,8/8/2014,Aug,2014,Bait,0,Unknown
2014-11,8/8/2014,Aug,2014,Bait,0,Unknown
2014-35,8/8/2014,Aug,2014,Bait,0,Unknown
2014-35,8/15/2014,Aug,2014,Bait,0,Unknown
2014-36,8/15/2014,Aug,2014,Bait,0,Unknown
2014-11,8/15/2014,Aug,2014,Bait,0,Unknown
2014-35,8/22/2014,Aug,2014,Bait,0,Unknown
2014-36,8/22/2014,Aug,2014,Bait,0,Unknown
2014-11,8/22/2014,Aug,2014,Bait,0,Unknown
2014-36,8/29/2014,Aug,2014,Bait,0,Unknown
2014-35,8/29/2014,Aug,2014,Bait,0,Unknown
2014-11,8/29/2014,Aug,2014,Bait,0,Unknown
2014-36,9/5/2014,Sep,2014,Bait,0,Unknown
2014-36,9/12/2014,Sep,2014,Bait,0,Unknown
2014-11,9/12/2014,Sep,2014,Bait,0,Unknown
2014-35,9/12/2014,Sep,2014,Bait,0,Unknown
2013-6,9/13/2014,Sep,2014,Bio-Med,0,Unknown
2014-36,9/19/2014,Sep,2014,Bait,0,Unknown
2014-11,9/26/2014,Sep,2014,Bait,0,Unknown
2014-36,9/26/2014,Sep,2014,Bait,0,Unknown
2014-35,9/26/2014,Sep,2014,Bait,0,Unknown
2014-11,9/26/2014,Sep,2014,Bait,0,Unknown
2014-14,9/29/2014,Sep,2014,Bait,0,Unknown
2014-11,10/3/2014,Oct,2014,Bait,0,Unknown
2014-36,10/3/2014,Oct,2014,Bait,0,Unknown
2014-35,10/3/2014,Oct,2014,Bait,0,Unknown
2014-31,10/6/2014,Oct,2014,Bio-Med,24100,Male
2014-31,10/6/2014,Oct,2014,Bio-Med,16100,Female
2014-35,10/10/2014,Oct,2014,Bait,0,Unknown
2014-11,10/10/2014,Oct,2014,Bait,0,Unknown
2014-35,10/17/2014,Oct,2014,Bait,0,Unknown
2014-36,10/17/2014,Oct,2014,Bait,0,Unknown
2014-11,10/19/2014,Oct,2014,Bait,0,Unknown
2014-35,10/24/2014,Oct,2014,Bait,0,Unknown
2014-11,10/24/2014,Oct,2014,Bait,0,Unknown
2014-36,10/24/2014,Oct,2014,Bait,0,Unknown
2014-11,10/31/2014,Oct,2014,Bait,0,Unknown
2014-36,10/31/2014,Oct,2014,Bait,0,Unknown
2014-36,11/7/2014,Nov,2014,Bait,0,Unknown
2014-31,11/10/2014,Nov,2014,Bio-Med,281000,Unknown
2014-33,11/10/2014,Nov,2014,Bio-Med,211400,Unknown
2014-08,11/10/2014,Nov,2014,Bio-Med,188600,Unknown
2014-17,11/10/2014,Nov,2014,Bio-Med,549000,Unknown
2014-06,11/10/2014,Nov,2014,Bio-Med,549000,Unknown
2014-05,11/10/2014,Nov,2014,Bio-Med,355500,Unknown
2014-11,11/10/2014,Nov,2014,Bait,0,Unknown
2014-03,11/13/2014,Nov,2014,Bait,0,Unknown
2014-36,11/14/2014,Nov,2014,Bait,0,Unknown
2014-11,11/14/2014,Nov,2014,Bait,0,Unknown
2014-43,11/19/2014,Nov,2014,Bait,0,Unknown
2014-35,11/21/2014,Nov,2014,Bait,0,Unknown
2014-11,11/21/2014,Nov,2014,Bait,0,Unknown
2014-36,11/21/2014,Nov,2014,Bait,0,Unknown
2014-36,11/28/2014,Nov,2014,Bait,0,Unknown
2014-35,11/28/2014,Nov,2014,Bait,0,Unknown
2014-11,12/5/2014,Dec,2014,Bait,0,Unknown
2014-36,12/5/2014,Dec,2014,Bait,0,Unknown
2014-36,12/12/2014,Dec,2014,Bait,0,Unknown
2014-11,12/12/2014,Dec,2014,Bait,0,Unknown
2014-36,12/19/2014,Dec,2014,Bait,0,Unknown
2014-11,12/19/2014,Dec,2014,Bait,0,Unknown
2014-11,12/26/2014,Dec,2014,Bait,0,Unknown
2014-36,12/26/2014,Dec,2014,Bait,0,Unknown
2014-11,1/2/2015,Jan,2015,Bait,0,Unknown
2014-11,1/8/2015,Jan,2015,Bait,0,Unknown
2014-36,1/8/2015,Jan,2015,Bait,0,Unknown
2014-11,1/23/2015,Jan,2015,Bait,0,Unknown
2015-06,4/17/2015,Apr,2015,Bait,5900,Unknown
2015-06,4/25/2015,Apr,2015,Bait,13500,Unknown
2015-13,5/1/2015,May,2015,Bait,200,Unknown
2015-06,5/1/2015,May,2015,Bait,19100,Unknown
2015-29,5/7/2015,May,2015,Bait,17500,Male
2015-29,5/7/2015,May,2015,Bait,17500,Female
2015-22,5/8/2015,May,2015,Bait,500,Male
2015-23,5/8/2015,May,2015,Bait,2000,Male
2015-23,5/8/2015,May,2015,Bait,1500,Female
2015-24,5/8/2015,May,2015,Bait,10000,Female
2015-24,5/8/2015,May,2015,Bait,7900,Male
2015-22,5/8/2015,May,2015,Bait,2000,Female
2015-28,5/8/2015,May,2015,Bait,8400,Female
2015-19,5/8/2015,May,2015,Bait,44400,Female
2015-29,5/8/2015,May,2015,Bait,2000,Male
2015-29,5/8/2015,May,2015,Bait,2500,Female
2015-32,5/8/2015,May,2015,Bait,2000,Male
2015-32,5/8/2015,May,2015,Bait,2500,Female
2015-28,5/8/2015,May,2015,Bait,8000,Male
2015-39,5/8/2015,May,2015,Bait,600,Male
2015-20,5/8/2015,May,2015,Bait,100,Male
2015-39,5/8/2015,May,2015,Bait,600,Female
2015-19,5/8/2015,May,2015,Bait,44300,Male
2015-18,5/8/2015,May,2015,Bait,44100,Female
2015-18,5/8/2015,May,2015,Bait,44000,Male
2015-15,5/8/2015,May,2015,Bait,100,Male
2015-13,5/8/2015,May,2015,Bait,3600,Unknown
2015-01,5/8/2015,May,2015,Bait,94900,Unknown
2015-04,5/8/2015,May,2015,Bait,16900,Unknown
2015-06,5/8/2015,May,2015,Bait,3500,Unknown
2015-09,5/8/2015,May,2015,Bait,2500,Unknown
2015-11,5/8/2015,May,2015,Bait,2500,Unknown
2015-12,5/8/2015,May,2015,Bait,1400,Unknown
2015-20,5/8/2015,May,2015,Bait,100,Female
2015-25,5/9/2015,May,2015,Bait,16000,Female
2015-25,5/9/2015,May,2015,Bait,30300,Male
2015-35,5/10/2015,May,2015,Bio-Med,9100,Male
2015-22,5/10/2015,May,2015,Bio-Med,31000,Female
2015-35,5/10/2015,May,2015,Bio-Med,15400,Unknown
2015-23,5/10/2015,May,2015,Bio-Med,156000,Female
2015-23,5/10/2015,May,2015,Bio-Med,156000,Male
2015-24,5/10/2015,May,2015,Bio-Med,336700,Female
2015-24,5/10/2015,May,2015,Bio-Med,336800,Male
2015-22,5/10/2015,May,2015,Bio-Med,31000,Male
2015-35,5/10/2015,May,2015,Bio-Med,6500,Female
2015-30,5/13/2015,May,2015,Bait,12500,Female
2015-30,5/13/2015,May,2015,Bait,5700,Male
2015-15,5/15/2015,May,2015,Bait,5000,Female
2015-15,5/15/2015,May,2015,Bait,5000,Male
2015-18,6/2/2015,Jun,2015,Bio-Med,87200,Female
2015-18,6/2/2015,Jun,2015,Bait,93800,Male
2015-13,6/10/2015,Jun,2015,Bait,15300,Female
2015-13,6/10/2015,Jun,2015,Bait,15300,Male
2015-24,6/15/2015,Jun,2015,Bio-Med,50000,Male
2015-24,6/15/2015,Jun,2015,Bio-Med,19700,Female
2015-23,6/15/2015,Jun,2015,Bio-Med,15000,Male
2015-23,6/15/2015,Jun,2015,Bio-Med,96300,Female
2014-24,7/3/2015,Jul,2015,Bio-Med,0,Unknown
2014-42,7/3/2015,Jul,2015,Bait,0,Unknown
2015-22,7/3/2015,Jul,2015,Bio-Med,0,Unknown
2014-23,7/3/2015,Jul,2015,Bio-Med,0,Unknown
2015-7,7/4/2015,Jul,2015,Bait,0,Unknown
2015-18,7/8/2015,Jul,2015,Bio-Med,707200,Male
2015-18,7/8/2015,Jul,2015,Bio-Med,459100,Female
2015-7,7/10/2015,Jul,2015,Bait,0,Unknown
2015-7,7/10/2015,Jul,2015,Bait,0,Unknown
2015-42,7/10/2015,Jul,2015,Bait,0,Unknown
2014-42,7/24/2015,Jul,2015,Bait,0,Unknown
2015-07,7/30/2015,Jul,2015,Bait,0,Unknown
2015-42,7/31/2015,Jul,2015,Bait,0,Unknown
2015-07,7/31/2015,Jul,2015,Bait,0,Unknown
2015-18,8/7/2015,Aug,2015,Bio-Med,485400,Female
2015-18,8/7/2015,Aug,2015,Bio-Med,483600,Male
2015-07,8/8/2015,Aug,2015,Bait,0,Unknown
2015-42,8/14/2015,Aug,2015,Bait,0,Unknown
2015-07,8/21/2015,Aug,2015,Bait,0,Unknown
2015-07,8/31/2015,Aug,2015,Bait,0,Unknown
2015-07,9/6/2015,Sep,2015,Bait,0,Unknown
2015-13,9/10/2015,Sep,2015,Bait,0,Unknown
2015-07,9/11/2015,Sep,2015,Bait,0,Unknown
2015-42,9/11/2015,Sep,2015,Bait,0,Unknown
2015-07,9/18/2015,Sep,2015,Bait,0,Unknown
2015-07,10/1/2015,Oct,2015,Bait,0,Unknown
2015-42,10/2/2015,Oct,2015,Bait,0,Unknown
2015-07,10/2/2015,Oct,2015,Bait,0,Unknown
2015-02,10/7/2015,Oct,2015,Bait,0,Unknown
2015-13,10/10/2015,Oct,2015,Bait,0,Unknown
2015-07,10/16/2015,Oct,2015,Bait,0,Unknown
2015-42,10/16/2015,Oct,2015,Bait,0,Unknown
2015-07,10/23/2015,Oct,2015,Bait,0,Unknown
2015-07,10/30/2015,Oct,2015,Bait,0,Unknown
2015-42,10/31/2015,Oct,2015,Bait,0,Unknown
2015-07,11/7/2015,Nov,2015,Bait,0,Unknown
2015-13,11/10/2015,Nov,2015,Bait,0,Unknown
2015-07,11/13/2015,Nov,2015,Bait,0,Unknown
2015-07,11/13/2015,Nov,2015,Bait,0,Unknown
2015-42,11/14/2015,Nov,2015,Bait,0,Unknown
2015-42,11/20/2015,Nov,2015,Bait,0,Unknown
2017-07,11/20/2015,Nov,2015,Bait,0,Unknown
2015-07,11/27/2015,Nov,2015,Bait,0,Unknown
2015-13,12/10/2015,Dec,2015,Bait,0,Unknown
2015-07,12/11/2015,Dec,2015,Bait,0,Unknown
2015-13,12/15/2015,Dec,2015,Bait,0,Unknown
2015-44,1/7/2016,Jan,2016,Bait,0,Unknown
2015-44,2/9/2016,Feb,2016,Bait,0,Unknown
2016-9,2/10/2016,Feb,2016,Bio-Med,0,Unknown
2016-9,2/10/2016,Feb,2016,Bait,0,Unknown
2016-9,3/9/2016,Mar,2016,Bait,0,Unknown
2016-6,3/9/2016,Mar,2016,Bio-Med,0,Unknown
2016-6,3/9/2016,Mar,2016,Bait,0,Unknown
2016-5,3/10/2016,Mar,2016,Bait,0,Unknown
2916-9,3/10/2016,Mar,2016,Bio-Med,0,Unknown
2016-4,3/10/2016,Mar,2016,Bait,1500,Female
2016-5,3/10/2016,Mar,2016,Bio-Med,0,Unknown
2016-4,3/16/2016,Mar,2016,Bait,1800,Male
2016-4,3/21/2016,Mar,2016,Bait,2300,Male
2016-4,3/21/2016,Mar,2016,Bait,1900,Female
2915-44,3/22/2016,Mar,2016,Bait,0,Unknown
2015-4,3/25/2016,Mar,2016,Bait,300,Male
2016-44,3/25/2016,Mar,2016,Bait,300,Female
2016-12,3/30/2016,Mar,2016,Bait,600,Male
2016-12,3/30/2016,Mar,2016,Bait,400,Female
2016-5,3/31/2016,Mar,2016,Bio-Med,0,Unknown
2016-4,3/31/2016,Mar,2016,Bait,4300,Female
2016-4,3/31/2016,Mar,2016,Bait,4700,Male
2016-5,3/31/2016,Mar,2016,Bait,0,Unknown
2016-4,4/1/2016,Apr,2016,Bait,2800,Male
2015-44,4/1/2016,Apr,2016,Bait,0,Unknown
2016-4,4/1/2016,Apr,2016,Bait,2500,Female
2015-44,4/1/2016,Apr,2016,,0,
2016-9,4/4/2016,Apr,2016,Bait,0,Unknown
2016-9,4/4/2016,Apr,2016,Bio-Med,0,Unknown
2016-4,4/8/2016,Apr,2016,Bait,1800,Male
2016-4,4/8/2016,Apr,2016,Bait,1500,Female
2016-6,4/14/2016,Apr,2016,Bait,0,Unknown
2016-6,4/14/2016,Apr,2016,Bio-Med,0,Unknown
2016-4,4/15/2016,Apr,2016,Bait,4700,Female
2016-27,4/15/2016,Apr,2016,Bait,30200,Male
2016-27,4/15/2016,Apr,2016,Bait,11600,Female
2016-4,4/15/2016,Apr,2016,Bait,5500,Male
2016-20,4/19/2016,Apr,2016,Bait,1500,Male
2016-20,4/19/2016,Apr,2016,Bait,1000,Female
2016-20,4/20/2016,Apr,2016,Bait,1000,Male
2016-20,4/20/2016,Apr,2016,Bait,800,Female
2016-04,4/22/2016,Apr,2016,Bait,10600,Male
2016-04,4/22/2016,Apr,2016,Bait,8100,Female
2016-20,4/23/2016,Apr,2016,Bait,400,Female
2016-27,4/23/2016,Apr,2016,Bait,400,Female
2016-20,4/23/2016,Apr,2016,Bait,800,Male
2016-27,4/23/2016,Apr,2016,Bait,1400,Male
2016-48,4/25/2016,Apr,2016,Bait,1700,Male
2016-48,4/25/2016,Apr,2016,Bait,2100,Female
2016-46,4/25/2016,Apr,2016,Bait,4800,Male
2016-20,4/25/2016,Apr,2016,Bait,1500,Female
2016-46,4/25/2016,Apr,2016,Bait,3200,Female
2016-20,4/25/2016,Apr,2016,Bait,2200,Male
2016-27,4/25/2016,Apr,2016,Bait,6600,Male
2016-27,4/25/2016,Apr,2016,Bait,1000,Female
2016-15,4/29/2016,Apr,2016,Bait,0,Unknown
2016-57,4/29/2016,Apr,2016,Bait,13600,Female
2016-57,4/29/2016,Apr,2016,Bait,13600,Male
2016-47,4/29/2016,Apr,2016,Bait,0,Unknown
2016-14,4/29/2016,Apr,2016,Bait,0,Unknown
2016-16,4/29/2016,Apr,2016,Bait,0,Unknown
2016-52,4/29/2016,Apr,2016,Bio-Med,0,Unknown
2016-52,4/29/2016,Apr,2016,Bait,0,Unknown
2016-53,4/29/2016,Apr,2016,Bait,1000,Female
2016-4,4/29/2016,Apr,2016,Bait,12200,Female
2016-53,4/29/2016,Apr,2016,Bait,400,Male
2016-60,4/29/2016,Apr,2016,Bait,1000,Male
2016-60,4/29/2016,Apr,2016,Bait,400,Female
2016-10,4/29/2016,Apr,2016,Bait,500,Female
2016-10,4/29/2016,Apr,2016,Bait,500,Male
2016-4,4/29/2016,Apr,2016,Bait,14900,Male
2016-49,5/2/2016,May,2016,Bait,100,Female
2016-16,5/2/2016,May,2016,Bait,59600,Male
2016-15,5/2/2016,May,2016,Bait,5000,Female
2016-15,5/2/2016,May,2016,Bait,5000,Male
2016-20,5/3/2016,May,2016,Bait,1600,Female
2016-20,5/3/2016,May,2016,Bait,2000,Male
2016-46,5/3/2016,May,2016,Bait,3200,Female
2016-46,5/3/2016,May,2016,Bait,4200,Male
2016-49,5/4/2016,May,2016,Bait,200,Male
2016-27,5/6/2016,May,2016,Bait,7900,Male
2016-27,5/6/2016,May,2016,Bait,6400,Female
2016-53,5/6/2016,May,2016,Bait,400,Male
2016-5,5/6/2016,May,2016,Bait,0,Unknown
2016-64,5/6/2016,May,2016,Bait,200,Unknown
2016-5,5/6/2016,May,2016,Bait,0,Unknown
2016-25,5/6/2016,May,2016,Bait,700,Unknown
2016-53,5/6/2016,May,2016,Bait,1900,Female
2016-2,5/6/2016,May,2016,Bait,0,Unknown
2016-44,5/6/2016,May,2016,Bait,0,Unknown
2016-28,5/6/2016,May,2016,Bait,0,Unknown
2016-52,5/6/2016,May,2016,Bait,0,Unknown
2016-60,5/6/2016,May,2016,Bait,2400,Male
2016-9,5/6/2016,May,2016,Bait,0,Unknown
2016-45,5/6/2016,May,2016,Bait,11400,Male
2016-60,5/6/2016,May,2016,Bait,1600,Female
2016-45,5/6/2016,May,2016,Bait,9200,Female
2016-16,5/6/2016,May,2016,Bait,59600,Female
2016-10,5/6/2016,May,2016,Bait,0,Unknown
2016-12,5/11/2016,May,2016,Bait,13500,Male
2016-12,5/12/2016,May,2016,Bait,19100,Female
2016-12,5/12/2016,May,2016,Bait,19100,Male
2016-16,5/13/2016,May,2016,Bait,66000,Female
2016-65,5/13/2016,May,2016,Bait,38100,Male
2016-60,5/13/2016,May,2016,Bait,5500,Female
2016-60,5/13/2016,May,2016,Bait,6500,Male
2016-64,5/13/2016,May,2016,Bait,200,Unknown
2016-62,5/13/2016,May,2016,Bait,14800,Male
2016-45,5/13/2016,May,2016,Bait,16500,Female
2016-25,5/13/2016,May,2016,Bait,0,Unknown
2016-9,5/13/2016,May,2016,Bait,1500,Female
2016-15,5/13/2016,May,2016,Bait,50500,Male
2016-45,5/13/2016,May,2016,Bait,23000,Male
2016-65,5/13/2016,May,2016,Bait,31400,Female
2016-14,5/13/2016,May,2016,Bait,11800,Male
2016-20,5/13/2016,May,2016,Bait,27400,Male
2016-14,5/13/2016,May,2016,Bait,11700,Female
2016-16,5/13/2016,May,2016,Bait,65900,Male
2016-15,5/13/2016,May,2016,Bait,50400,Female
2016-9,5/13/2016,May,2016,Bait,1500,Male
2016-68,5/13/2016,May,2016,Bait,18700,Male
2016-46,5/13/2016,May,2016,Bait,6200,Male
2016-46,5/13/2016,May,2016,Bait,3500,Female
2016-47,5/13/2016,May,2016,Bait,0,Unknown
2016-61,5/13/2016,May,2016,Bait,2400,Female
2016-61,5/13/2016,May,2016,Bait,3700,Male
2016-17,5/13/2016,May,2016,Bait,26300,Male
2016-28,5/13/2016,May,2016,Bait,8200,Unknown
2016-57,5/13/2016,May,2016,Bait,9700,Unknown
2016-4,5/13/2016,May,2016,Bait,17700,Male
2016-67,5/13/2016,May,2016,Bait,24300,Female
2016-4,5/13/2016,May,2016,Bait,18400,Female
2016-68,5/13/2016,May,2016,Bait,19400,Female
2016-66,5/13/2016,May,2016,Bait,16000,Male
2016-66,5/13/2016,May,2016,Bait,13500,Female
2016-17,5/13/2016,May,2016,Bait,26900,Female
2016-27,5/13/2016,May,2016,Bait,61300,Male
2016-27,5/13/2016,May,2016,Bait,34500,Female
2016-18,5/13/2016,May,2016,Bait,106700,Female
2016-20,5/13/2016,May,2016,Bait,16400,Female
2016-62,5/13/2016,May,2016,Bait,7700,Female
2016-67,5/13/2016,May,2016,Bait,23700,Male
2016-12,5/13/2016,May,2016,Bait,24200,Female
2016-6,5/13/2016,May,2016,Bait,31600,Male
2016-12,5/13/2016,May,2016,Bait,24300,Male
2016-3,5/13/2016,May,2016,Bait,21300,Female
2016-44,5/13/2016,May,2016,Bait,0,Unknown
2016-18,5/13/2016,May,2016,Bait,106800,Male
2016-12,5/13/2016,May,2016,Bait,34000,Female
2016-12,5/13/2016,May,2016,Bait,34000,Male
2016-10,5/13/2016,May,2016,Bait,0,Unknown
2016-6,5/13/2016,May,2016,Bait,29000,Female
2016-52,5/13/2016,May,2016,Bait,0,Unknown
2016-46,5/13/2016,May,2016,Bait,10400,Male
2016-3,5/13/2016,May,2016,Bait,32000,Male
2016-46,5/13/2016,May,2016,Bait,6700,Female
2016-10,5/13/2016,May,2016,Bait,500,Male
2016-10,5/14/2016,May,2016,Bait,500,Female
2016-6,5/14/2016,May,2016,Bait,12600,Female
2016-6,5/14/2016,May,2016,Bait,11600,Male
2016-68,5/14/2016,May,2016,Bait,26700,Female
2016-68,5/14/2016,May,2016,Bait,26300,Male
2016-50,5/15/2016,May,2016,Bait,12800,Male
2016-50,5/15/2016,May,2016,Bait,12800,Female
2016-12,5/15/2016,May,2016,Bio-Med,16500,Female
2016-12,5/15/2016,May,2016,Bio-Med,16900,Male
2016-6,5/16/2016,May,2016,Bait,15000,Male
2016-65,5/16/2016,May,2016,Bait,4200,Female
2016-6,5/16/2016,May,2016,Bait,11800,Female
2016-65,5/16/2016,May,2016,Bait,6800,Male
2016-9,5/17/2016,May,2016,Bait,900,Female
2016-9,5/17/2016,May,2016,Bait,1200,Male
2016-56,5/17/2016,May,2016,Bait,1200,Female
2016-56,5/17/2016,May,2016,Bait,1300,Male
2016-20,5/18/2016,May,2016,Bait,13900,Male
2016-20,5/18/2016,May,2016,Bait,12200,Female
2016-16,5/18/2016,May,2016,Bio-Med,34000,Female
2016-16,5/18/2016,May,2016,Bio-Med,34000,Male
2016-19,5/18/2016,May,2016,Bait,9900,Male
2016-19,5/18/2016,May,2016,Bait,9800,Female
2016-1,5/19/2016,May,2016,Bait,16100,Male
2016-1,5/19/2016,May,2016,Bait,17400,Female
2016-60,5/20/2016,May,2016,Bait,14700,Male
2016-4,5/20/2016,May,2016,Bait,17800,Male
2016-4,5/20/2016,May,2016,Bait,40000,Female
2016-60,5/20/2016,May,2016,Bait,12000,Female
2016-52,5/20/2016,May,2016,Bait,0,Unknown
2016-5,5/20/2016,May,2016,Bait,0,Unknown
2016-10,5/20/2016,May,2016,Bait,0,Unknown
2016-4,5/20/2016,May,2016,Bait,100,Male
2016-23,5/20/2016,May,2016,Bait,0,Unknown
2016-15,5/20/2016,May,2016,Bait,0,Unknown
2016-14,5/20/2016,May,2016,Bait,0,Unknown
2016-44,5/20/2016,May,2016,Bait,0,Unknown
2016-18,5/20/2016,May,2016,Bio-Med,35700,Female
2016-18,5/20/2016,May,2016,Bio-Med,35800,Male
2016-25,5/20/2016,May,2016,Bait,0,Unknown
2016-4,5/20/2016,May,2016,Bait,21600,Female
2016-5,5/21/2016,May,2016,Bio-Med,0,Unknown
2016-22,5/22/2016,May,2016,Bait,15000,Female
2016-22,5/22/2016,May,2016,Bait,3500,Male
2016-22,5/22/2016,May,2016,Bait,17000,Male
2016-58,5/22/2016,May,2016,Bait,2800,Male
2016-58,5/22/2016,May,2016,Bait,1200,Female
2016-58,5/22/2016,May,2016,Bait,3500,Male
2016-58,5/22/2016,May,2016,Bait,5200,Female
2016-22,5/22/2016,May,2016,Bait,2100,Female
2016-3,5/27/2016,May,2016,Bio-Med,145000,Male
2016-25,5/27/2016,May,2016,Bio-Med,0,Unknown
2016-23,5/27/2016,May,2016,Bio-Med,0,Unknown
2016-62,5/27/2016,May,2016,Bait,15000,Female
2016-5,5/27/2016,May,2016,Bio-Med,0,Unknown
2016-12,5/27/2016,May,2016,Bio-Med,79300,Female
2016-12,5/27/2016,May,2016,Bio-Med,79300,Male
2016-15,5/27/2016,May,2016,Bio-Med,0,Unknown
2016-9,5/27/2016,May,2016,Bio-Med,0,Unknown
2016-10,5/27/2016,May,2016,Bio-Med,0,Unknown
2016-3,5/27/2016,May,2016,Bio-Med,145000,Female
2016-18,5/27/2016,May,2016,Bio-Med,105000,Female
2016-62,5/27/2016,May,2016,Bait,37800,Male
2016-18,5/27/2016,May,2016,Bio-Med,105000,Male
2016-16,5/28/2016,May,2016,Bio-Med,161500,Male
2016-15,5/28/2016,May,2016,Bio-Med,67900,Female
2016-16,5/28/2016,May,2016,Bio-Med,87000,Female
2016-15,5/28/2016,May,2016,Bio-Med,126100,Male
2016-14,5/28/2016,May,2016,Bio-Med,0,Unknown
2016-16,6/3/2016,Jun,2016,Bio-Med,23900,Female
2016-3,6/3/2016,Jun,2016,Bio-Med,8500,Male
2016-3,6/3/2016,Jun,2016,Bio-Med,8500,Female
2016-9,6/3/2016,Jun,2016,Bio-Med,0,Unknown
2016-15,6/3/2016,Jun,2016,Bio-Med,0,Unknown
2016-18,6/3/2016,Jun,2016,Bio-Med,29000,Female
2016-60,6/3/2016,Jun,2016,Bio-Med,0,Unknown
2016-5,6/3/2016,Jun,2016,Bio-Med,0,Unknown
2016-25,6/3/2016,Jun,2016,Bio-Med,0,Unknown
2016-23,6/3/2016,Jun,2016,Bio-Med,0,Unknown
2016-5,6/3/2016,Jun,2016,Bio-Med,0,Unknown
2016-16,6/3/2016,Jun,2016,Bio-Med,44600,Male
2016-14,6/3/2016,Jun,2016,Bio-Med,0,Unknown
2016-18,6/3/2016,Jun,2016,Bio-Med,29000,Male
2016-16,6/10/2016,Jun,2016,Bio-Med,8000,Male
2016-23,6/10/2016,Jun,2016,Bio-Med,0,Unknown
2016-14,6/10/2016,Jun,2016,Bio-Med,0,Unknown
2016-15,6/10/2016,Jun,2016,Bio-Med,4500,Female
2016-16,6/10/2016,Jun,2016,Bio-Med,3500,Female
2016-29,6/10/2016,Jun,2016,Bio-Med,0,Unknown
2016-15,6/10/2016,Jun,2016,Bio-Med,10500,Male
2016-25,6/10/2016,Jun,2016,Bio-Med,0,Unknown
2016-12,6/11/2016,Jun,2016,Bait,13500,Female
2016-23,6/17/2016,Jun,2016,Bio-Med,0,Unknown
2016-5,6/17/2016,Jun,2016,Bio-Med,0,Unknown
2016-14,6/17/2016,Jun,2016,Bio-Med,0,Unknown
2016-15,6/17/2016,Jun,2016,Bio-Med,0,Unknown
2016-16,6/17/2016,Jun,2016,Bio-Med,0,Unknown
2016-5,6/24/2016,Jun,2016,Bio-Med,0,Unknown
2016-23,6/24/2016,Jun,2016,Bio-Med,0,Unknown
2016-71,6/24/2016,Jun,2016,Bio-Med,0,Unknown
2016-53,7/15/2016,Jul,2016,Bio-Med,4600,Female
2016-53,7/15/2016,Jul,2016,Bio-Med,1500,Male
2016-53,7/29/2016,Jul,2016,Bio-Med,13700,Female
2016-53,7/29/2016,Jul,2016,Bio-Med,2600,Male
,8/10/2016,Aug,2016,,0,
2016-53,8/12/2016,Aug,2016,Bio-Med,29000,Female
2016-53,8/12/2016,Aug,2016,Bio-Med,3500,Male
2016-53,8/19/2016,Aug,2016,Bio-Med,6900,Female
2016-53,8/19/2016,Aug,2016,Bio-Med,2800,Male
2016-53,8/26/2016,Aug,2016,Bio-Med,15000,Female
2016-53,8/26/2016,Aug,2016,Bio-Med,6500,Male
2016-53,9/2/2016,Sep,2016,Bio-Med,2500,Male
2016-53,9/2/2016,Sep,2016,Bio-Med,3700,Female
2016-53,9/7/2016,Sep,2016,Bio-Med,9300,Female
2016-53,9/7/2016,Sep,2016,Bio-Med,4700,Male
2016-53,9/17/2016,Sep,2016,Bio-Med,3700,Male
2016-53,9/17/2016,Sep,2016,Bio-Med,6900,Female
2016-53,9/27/2016,Sep,2016,Bio-Med,100,Male
2016-53,9/27/2016,Sep,2016,Bio-Med,400,Female
2016-53,10/7/2016,Oct,2016,Bio-Med,2500,Male
2016-53,10/7/2016,Oct,2016,Bio-Med,11800,Female
2016-53,10/14/2016,Oct,2016,Bio-Med,4000,Male
2016-53,10/14/2016,Oct,2016,Bio-Med,10200,Female
2016-53,10/22/2016,Oct,2016,Bio-Med,12800,Female
2016-53,10/22/2016,Oct,2016,Bio-Med,4400,Male
2015-53,10/22/2016,Oct,2016,Bio-Med,4400,Male
2016-53,10/28/2016,Oct,2016,Bio-Med,17000,Male
2016-53,10/28/2016,Oct,2016,Bio-Med,45300,Female
2016-53,11/4/2016,Nov,2016,Bio-Med,13300,Female
2016-53,11/4/2016,Nov,2016,Bio-Med,7200,Male
2016-53,11/11/2016,Nov,2016,Bio-Med,22200,Female
2016-53,11/11/2016,Nov,2016,Bio-Med,13600,Male
2017_8,3/3/2017,Mar,2017,Bait,0,Unknown
2017_8,3/3/2017,Mar,2017,Bait,0,Unknown
2017_11,3/8/2017,Mar,2017,Bait,0,Unknown
2017_8,3/17/2017,Mar,2017,Bait,0,Unknown
2017_8,3/24/2017,Mar,2017,Bait,0,Unknown
2017_8,3/31/2017,Mar,2017,Bait,1300,Female
2017_5,3/31/2017,Mar,2017,Bait,0,Unknown
2017_16,3/31/2017,Mar,2017,Bait,0,Unknown
2017_8,3/31/2017,Mar,2017,Bait,2500,Male
2017_8,4/7/2017,Apr,2017,Bait,0,Unknown
2017_16,4/10/2017,Apr,2017,Bait,0,Unknown
2017_23,4/10/2017,Apr,2017,Bait,0,Unknown
2017_11,4/12/2017,Apr,2017,Bait,0,Unknown
2017_26,4/14/2017,Apr,2017,Bait,0,Unknown
2017_8,4/14/2017,Apr,2017,Bait,9600,Male
2017_8,4/14/2017,Apr,2017,Bait,10300,Female
2017_16,4/17/2017,Apr,2017,Bait,0,Unknown
2017_5,4/17/2017,Apr,2017,Bait,0,Unknown
2017_23,4/17/2017,Apr,2017,Bait,0,Unknown
2017_30,4/17/2017,Apr,2017,Bait,0,Unknown
2017_8,4/21/2017,Apr,2017,Bait,14100,Male
2017_8,4/21/2017,Apr,2017,Bait,10400,Female
2017_5,4/24/2017,Apr,2017,Bait,0,Unknown
2017_16,4/24/2017,Apr,2017,Bait,0,Unknown
2017_14,4/24/2017,Apr,2017,Bait,700,Female
2017_14,4/24/2017,Apr,2017,Bait,1200,Male
2017_30,4/24/2017,Apr,2017,Bait,200,Male
2017_30,4/24/2017,Apr,2017,Bait,200,Female
2017_15,4/24/2017,Apr,2017,Bait,1800,Female
2017_15,4/24/2017,Apr,2017,Bait,3500,Male
2017_23,4/24/2017,Apr,2017,Bait,0,Unknown
2017_21,4/26/2017,Apr,2017,Bait,100,Male
2017_21,4/26/2017,Apr,2017,Bait,100,Female
2017_38,4/28/2017,Apr,2017,Bio-Med,12800,Unknown
2017_4,4/28/2017,Apr,2017,Bait,1000,Female
2017_4,4/28/2017,Apr,2017,Bait,2600,Male
2017_16,4/28/2017,Apr,2017,Bait,0,Unknown
2017_2,4/29/2017,Apr,2017,Bio-Med,40700,Unknown
2018_09,4/30/2017,Apr,2017,Bait,5700,Male
2017_12,5/1/2017,May,2017,Bait,0,Unknown
2017_17,5/1/2017,May,2017,Bait,7000,Female
2017_27,5/1/2017,May,2017,Bait,0,Unknown
2017_26,5/1/2017,May,2017,Bait,0,Unknown
2017_15,5/1/2017,May,2017,Bait,16800,Female
2017_15,5/1/2017,May,2017,Bait,5500,Male
2017_3,5/1/2017,May,2017,Bait,0,Unknown
2017_20,5/1/2017,May,2017,Bait,0,Unknown
2017_1,5/1/2017,May,2017,Bait,0,Unknown
2017_14,5/1/2017,May,2017,Bait,4500,Male
2017_24,5/1/2017,May,2017,Bait,0,Unknown
2017_31,5/1/2017,May,2017,Bait,3000,Unknown
2017_2,5/1/2017,May,2017,Bio-Med,12800,Unknown
2017_17,5/1/2017,May,2017,Bait,9300,Male
2017_9,5/1/2017,May,2017,Bait,0,Unknown
2017_37,5/1/2017,May,2017,Bio-Med,24600,Unknown
2017_8,5/1/2017,May,2017,Bait,16600,Female
2017_33,5/1/2017,May,2017,Bait,0,Unknown
2017_8,5/1/2017,May,2017,Bait,19400,Male
2017_23,5/1/2017,May,2017,Bait,0,Unknown
2017_14,5/1/2017,May,2017,Bait,8000,Female
2017_25,5/1/2017,May,2017,Bait,0,Unknown
2017_10,5/1/2017,May,2017,Bio-Med,29000,Unknown
2017_18,5/1/2017,May,2017,Bait,3000,Female
2017_18,5/1/2017,May,2017,Bait,9000,Male
2017_32,5/1/2017,May,2017,Bait,0,Unknown
2017_30,5/1/2017,May,2017,Bait,1400,Male
2017_30,5/1/2017,May,2017,Bait,1700,Female
2017_7,5/1/2017,May,2017,Bait,0,Unknown
2017_2,5/2/2017,May,2017,Bio-Med,25000,Unknown
2017_15,5/2/2017,May,2017,Bio-Med,16200,Male
2017_37,5/3/2017,May,2017,Bio-Med,21100,Unknown
2017_28,5/3/2017,May,2017,Bait,0,Unknown
2017_2,5/3/2017,May,2017,Bio-Med,7500,Unknown
2017_29,5/3/2017,May,2017,Bait,0,Unknown
2017_19,5/5/2017,May,2017,Bait,3700,Female
2017_38,5/5/2017,May,2017,Bio-Med,4600,Unknown
2017_6,5/5/2017,May,2017,Bait,8300,Unknown
2017_37,5/5/2017,May,2017,Bio-Med,33300,Unknown
2017_35,5/5/2017,May,2017,Bio-Med,92500,Unknown
2017_34,5/5/2017,May,2017,Bio-Med,268500,Unknown
2017_19,5/6/2017,May,2017,Bait,4900,Male
2017_25,5/8/2017,May,2017,Bio-Med,0,Unknown
2017_32,5/8/2017,May,2017,Bait,0,Unknown
2017_10,5/8/2017,May,2017,Bio-Med,64000,Unknown
2017_3,5/8/2017,May,2017,Bait,0,Unknown
2017_15,5/8/2017,May,2017,Bio-Med,10500,Male
2017_16,5/8/2017,May,2017,Bait,0,Unknown
2017_12,5/8/2017,May,2017,Bait,0,Unknown
2017_15,5/13/2017,May,2017,Bio-Med,30200,Male
2017_2,5/13/2017,May,2017,Bio-Med,3200,Unknown
2017_14,5/13/2017,May,2017,Bio-Med,11600,Male
2017_37,5/13/2017,May,2017,Bio-Med,22000,Unknown
2017_37,5/14/2017,May,2017,Bio-Med,40000,Unknown
2017_34,5/15/2017,May,2017,Bio-Med,17500,Female
2017_34,5/15/2017,May,2017,Bio-Med,17500,Male
2017_35,5/15/2017,May,2017,Bait,21500,Female
2017_25,5/15/2017,May,2017,Bait,0,Unknown
2017_38,5/15/2017,May,2017,Bio-Med,50600,Unknown
2017_37,5/15/2017,May,2017,Bio-Med,120700,Unknown
2017_35,5/15/2017,May,2017,Bio-Med,21500,Female
2017_10,5/15/2017,May,2017,Bio-Med,6500,Unknown
2017_35,5/15/2017,May,2017,Bio-Med,21500,Male
2017_37,5/16/2017,May,2017,Bio-Med,109200,Unknown
2017_15,5/17/2017,May,2017,Bio-Med,29200,Male
2017_2,5/17/2017,May,2017,Bio-Med,21800,Unknown
2017_37,5/17/2017,May,2017,Bio-Med,22200,Unknown
2017_38,5/17/2017,May,2017,Bio-Med,26700,Unknown
2017_28,5/18/2017,May,2017,Bio-Med,0,Unknown
2017_29,5/18/2017,May,2017,Bio-Med,0,Unknown
2017_2,5/18/2017,May,2017,Bio-Med,69700,Unknown
2017_7,5/18/2017,May,2017,Bait,0,Unknown
2017_15,5/18/2017,May,2017,Bio-Med,10000,Female
2017_38,5/18/2017,May,2017,Bio-Med,21300,Unknown
2017_37,5/18/2017,May,2017,Bio-Med,33200,Unknown
2017_14,5/18/2017,May,2017,Bio-Med,7000,Male
2017_14,5/18/2017,May,2017,Bio-Med,3600,Female
2017_15,5/18/2017,May,2017,Bio-Med,31300,Male
2017_10,5/18/2017,May,2017,Bio-Med,67000,Unknown
2017_35,5/19/2017,May,2017,Bio-Med,0,Unknown
2017_38,5/19/2017,May,2017,Bio-Med,8300,Unknown
2017_37,5/19/2017,May,2017,Bio-Med,9200,Unknown
2017_10,5/19/2017,May,2017,Bio-Med,75000,Unknown
2017_15,5/20/2017,May,2017,Bio-Med,11800,Female
2017_2,5/20/2017,May,2017,Bio-Med,35200,Unknown
2017_15,5/20/2017,May,2017,Bio-Med,19600,Male
2017_37,5/20/2017,May,2017,Bio-Med,14600,Unknown
2017_10,5/20/2017,May,2017,Bio-Med,30500,Unknown
2017_14,5/21/2017,May,2017,Bio-Med,9700,Male
2017_14,5/21/2017,May,2017,Bio-Med,1900,Female
2017_15,5/21/2017,May,2017,Bio-Med,11500,Male
2017_15,5/21/2017,May,2017,Bio-Med,6500,Female
2017_10,5/21/2017,May,2017,Bio-Med,24000,Unknown
2017_34,5/22/2017,May,2017,Bio-Med,82200,Female
2017_16,5/22/2017,May,2017,Bait,0,Unknown
2017_25,5/22/2017,May,2017,Bio-Med,0,Unknown
2017_15,5/22/2017,May,2017,Bio-Med,49000,Male
2017_2,5/22/2017,May,2017,Bio-Med,35700,Unknown
2017_34,5/22/2017,May,2017,Bio-Med,123300,Male
2017_15,5/22/2017,May,2017,Bio-Med,1300,Female
2017_22,5/22/2017,May,2017,Bio-Med,7500,Unknown
2017_10,5/22/2017,May,2017,Bio-Med,60000,Unknown
2017_34,5/23/2017,May,2017,Bio-Med,133800,Male
2017_34,5/23/2017,May,2017,Bio-Med,89200,Female
2017_16,5/26/2017,May,2017,Bait,0,Unknown
2017_15,5/28/2017,May,2017,Bio-Med,57500,Male
2017_15,5/29/2017,May,2017,Bio-Med,46300,Male
2017_14,5/29/2017,May,2017,Bio-Med,16600,Male
2017_35,5/30/2017,May,2017,Bio-Med,37400,Female
2017_35,5/30/2017,May,2017,Bio-Med,112100,Male
2017_34,5/30/2017,May,2017,Bio-Med,106100,Male
2017_28,5/30/2017,May,2017,Bio-Med,0,Unknown
2017_29,5/30/2017,May,2017,Bio-Med,0,Unknown
2017_34,5/30/2017,May,2017,Bio-Med,35400,Female
2017_15,5/31/2017,May,2017,Bio-Med,20200,Male
2017_15,5/31/2017,May,2017,Bio-Med,10700,Female
2017_45,6/1/2017,Jun,2017,Bait,900,Female
2017_45,6/1/2017,Jun,2017,Bait,400,Male
2017_17,6/1/2017,Jun,2017,Bait,1800,Female
2017_17,6/1/2017,Jun,2017,Bait,2400,Male
2017_37,6/1/2017,Jun,2017,Bio-Med,25000,Unknown
2017_38,6/1/2017,Jun,2017,Bio-Med,24300,Unknown
2017_22,6/1/2017,Jun,2017,Bait,8000,Unknown
2017_8,6/1/2017,Jun,2017,Bait,6000,Female
2017_44,6/2/2017,Jun,2017,Bait,3000,Female
2017_44,6/2/2017,Jun,2017,Bait,3000,Male
2017_18,6/2/2017,Jun,2017,Bait,3400,Female
2017_18,6/2/2017,Jun,2017,Bait,6000,Male
2017_34,6/2/2017,Jun,2017,Bio-Med,0,Unknown
2017_23,6/2/2017,Jun,2017,Bait,0,Unknown
2017_25,6/2/2017,Jun,2017,Bait,0,Unknown
2017_8,6/3/2017,Jun,2017,Bait,5300,Female
2017_44,6/3/2017,Jun,2017,Bait,3000,Male
2017_44,6/3/2017,Jun,2017,Bait,3000,Female
2017_17,6/3/2017,Jun,2017,Bait,900,Female
2017_17,6/3/2017,Jun,2017,Bait,900,Male
2017_45,6/4/2017,Jun,2017,Bait,100,Male
2017_45,6/4/2017,Jun,2017,Bait,100,Female
2017_8,6/4/2017,Jun,2017,Bait,3100,Male
2017_8,6/4/2017,Jun,2017,Bait,2700,Female
2017_17,6/5/2017,Jun,2017,Bait,4000,Male
2017_45,6/5/2017,Jun,2017,Bait,800,Female
2017_45,6/5/2017,Jun,2017,Bait,1500,Male
2017_3,6/5/2017,Jun,2017,Bio-Med,0,Unknown
2017_18,6/5/2017,Jun,2017,Bait,8200,Female
2017_36,6/5/2017,Jun,2017,Bio-Med,0,Unknown
2017_18,6/5/2017,Jun,2017,Bait,12500,Male
2017_37,6/5/2017,Jun,2017,Bio-Med,0,Unknown
2017_17,6/5/2017,Jun,2017,Bait,2000,Female
2017_24,6/6/2017,Jun,2017,Bait,0,Unknown
2017_13,6/7/2017,Jun,2017,Bait,0,Unknown
2017_15,6/9/2017,Jun,2017,Bio-Med,34500,Male
2017_15,6/9/2017,Jun,2017,Bio-Med,10600,Female
2017_34,6/9/2017,Jun,2017,Bio-Med,0,Unknown
3017_35,6/9/2017,Jun,2017,Bio-Med,0,Unknown
2017_33,6/9/2017,Jun,2017,Bait,0,Unknown
2017_36,6/10/2017,Jun,2017,Bio-Med,10000,Unknown
2017_36,6/10/2017,Jun,2017,Bait,6000,Unknown
2017_14,6/10/2017,Jun,2017,Bio-Med,11800,Male
2017_15,6/10/2017,Jun,2017,Bio-Med,7300,Female
2017_15,6/10/2017,Jun,2017,Bio-Med,31000,Male
2017_14,6/10/2017,Jun,2017,Bio-Med,2900,Female
2017_8,6/10/2017,Jun,2017,Bait,2900,Male
2017_8,6/10/2017,Jun,2017,Bait,3000,Female
2017_14,6/11/2017,Jun,2017,Bio-Med,2400,Female
2017_15,6/11/2017,Jun,2017,Bio-Med,33500,Male
2017_15,6/11/2017,Jun,2017,Bio-Med,3500,Female
2017_44,6/11/2017,Jun,2017,Bait,3000,Female
2017_14,6/11/2017,Jun,2017,Bio-Med,10100,Male
2017_8,6/11/2017,Jun,2017,Bait,6000,Female
2017_44,6/11/2017,Jun,2017,Bait,3000,Male
2017_31,6/12/2017,Jun,2017,Bait,0,Unknown
2017_23,6/12/2017,Jun,2017,Bait,0,Unknown
2017_15,6/12/2017,Jun,2017,Bio-Med,45500,Male
2017_25,6/12/2017,Jun,2017,Bait,0,Unknown
2017_27,6/12/2017,Jun,2017,Bait,0,Unknown
2017_15,6/12/2017,Jun,2017,Bio-Med,9500,Female
2017_26,6/12/2017,Jun,2017,Bait,0,Unknown
2017_3,6/13/2017,Jun,2017,Bait,0,Unknown
2017_45,6/13/2017,Jun,2017,Bait,1000,Female
2017_45,6/13/2017,Jun,2017,Bait,500,Male
2017_45,6/16/2017,Jun,2017,Bait,200,Male
2017_25,6/16/2017,Jun,2017,Bait,0,Unknown
2017_8,6/16/2017,Jun,2017,Bait,4400,Female
2017_45,6/16/2017,Jun,2017,Bait,200,Female
2017_12,6/16/2017,Jun,2017,Bait,0,Unknown
2017_45,6/17/2017,Jun,2017,Bait,500,Male
2017_45,6/17/2017,Jun,2017,Bait,1000,Female
2017_4,6/17/2017,Jun,2017,Bait,3300,Female
2017_4,6/17/2017,Jun,2017,Bait,2200,Male
2017_23,6/19/2017,Jun,2017,Bait,0,Unknown
2017_22,6/19/2017,Jun,2017,Bait,6200,Male
2017_22,6/19/2017,Jun,2017,Bait,4400,Female
2017_24,6/19/2017,Jun,2017,Bait,0,Unknown
2017_33,6/20/2017,Jun,2017,Bait,0,Unknown
2017_27,6/21/2017,Jun,2017,Bait,600,Female
2017_31,6/21/2017,Jun,2017,Bait,0,Unknown
2017_27,6/21/2017,Jun,2017,Bait,1000,Male
2017_18,6/21/2017,Jun,2017,Bait,0,Unknown
2017_28,6/23/2017,Jun,2017,Bait,0,Unknown
2017_29,6/23/2017,Jun,2017,Bait,0,Unknown
2017_27,6/26/2017,Jun,2017,Bait,0,Unknown
2017_26,6/26/2017,Jun,2017,Bait,0,Unknown
2017_25,6/26/2017,Jun,2017,Bait,0,Unknown
2017_20,6/26/2017,Jun,2017,Bait,0,Unknown
2017_19,6/26/2017,Jun,2017,Bait,0,Unknown
2017_4,6/26/2017,Jun,2017,Bait,0,Unknown
2017_17,6/26/2017,Jun,2017,Bait,0,Unknown
2017_22,6/29/2017,Jun,2017,Bait,0,Unknown
2017_25,7/2/2017,Jul,2017,Bait,0,Unknown
2017_22,7/3/2017,Jul,2017,Bait,0,Unknown
2017_27,7/3/2017,Jul,2017,Bait,0,Unknown
2017_26,7/3/2017,Jul,2017,Bait,0,Unknown
2017_4,7/3/2017,Jul,2017,Bait,0,Unknown
2017_12,7/3/2017,Jul,2017,Bait,0,Unknown
2017_33,7/3/2017,Jul,2017,Bait,0,Unknown
2017_28,7/10/2017,Jul,2017,Bait,0,Unknown
2017_29,7/10/2017,Jul,2017,Bait,0,Unknown
2017_13,7/10/2017,Jul,2017,Bait,0,Unknown
2017_41,7/10/2017,Jul,2017,Bait,0,Unknown
2017_30,7/10/2017,Jul,2017,Bait,0,Unknown
2017_25,7/10/2017,Jul,2017,Bait,0,Unknown
2017_30,7/10/2017,Jul,2017,Bait,0,Unknown
2017_27,7/11/2017,Jul,2017,Bait,0,Unknown
2017_4,7/11/2017,Jul,2017,Bait,0,Unknown
2017_26,7/11/2017,Jul,2017,Bait,0,Unknown
2017_26,7/17/2017,Jul,2017,Bait,0,Unknown
2017_27,7/17/2017,Jul,2017,Bait,0,Unknown
2017_4,7/17/2017,Jul,2017,Bait,0,Unknown
2017_12,7/18/2017,Jul,2017,Bait,0,Unknown
2017_28,7/18/2017,Jul,2017,Bait,0,Unknown
2017_22,7/18/2017,Jul,2017,Bio-Med,0,Unknown
2017_29,7/18/2017,Jul,2017,Bait,0,Unknown
2017_25,7/24/2017,Jul,2017,Bait,0,Unknown
2017_49,7/24/2017,Jul,2017,Bait,0,Unknown
2017_4,7/24/2017,Jul,2017,Bait,0,Unknown
2017_28,7/24/2017,Jul,2017,Bait,0,Unknown
2017_29,7/24/2017,Jul,2017,Bait,0,Unknown
2017_22,7/24/2017,Jul,2017,Bait,0,Unknown
2017_22,7/31/2017,Jul,2017,Bait,0,Unknown
2017_33,7/31/2017,Jul,2017,Bait,0,Unknown
2017_13,7/31/2017,Jul,2017,Bait,0,Unknown
2017_27,7/31/2017,Jul,2017,Bait,0,Unknown
2017_26,7/31/2017,Jul,2017,Bait,0,Unknown
2017_12,7/31/2017,Jul,2017,Bait,0,Unknown
2017_3,7/31/2017,Jul,2017,Bio-Med,800,Male
2017_3,7/31/2017,Jul,2017,Bio-Med,2900,Female
2017_3,8/7/2017,Aug,2017,Bio-Med,1000,Male
2017_3,8/7/2017,Aug,2017,Bio-Med,2800,Female
2017_50,8/11/2017,Aug,2017,Bio-Med,40000,Female
2017_50,8/11/2017,Aug,2017,Bio-Med,24600,Male
2017_3,8/14/2017,Aug,2017,Bio-Med,2500,Female
2017_3,8/14/2017,Aug,2017,Bio-Med,800,Male
2017_27,8/16/2017,Aug,2017,Bait,0,Unknown
2017_26,8/16/2017,Aug,2017,Bait,0,Unknown
2017_50,8/21/2017,Aug,2017,Bio-Med,8800,Male
2017_50,8/21/2017,Aug,2017,Bio-Med,26200,Female
2017_3,8/21/2017,Aug,2017,Bio-Med,0,Unknown
2017_25,8/22/2017,Aug,2017,Bait,0,Unknown
2017_22,8/22/2017,Aug,2017,Bait,0,Unknown
2017_3,8/28/2017,Aug,2017,Bio-Med,0,Unknown
2017_50,8/30/2017,Aug,2017,Bio-Med,12000,Male
2017_50,8/30/2017,Aug,2017,Bio-Med,40000,Female
2017_3,9/4/2017,Sep,2017,Bio-Med,1100,Male
2017_3,9/4/2017,Sep,2017,Bio-Med,2700,Female
2017_3,9/11/2017,Sep,2017,Bio-Med,800,Male
2017_3,9/11/2017,Sep,2017,Bio-Med,1900,Female
2017_3,9/18/2017,Sep,2017,Bio-Med,1400,Female
2017_22,9/18/2017,Sep,2017,Bait,0,Unknown
2017_3,9/18/2017,Sep,2017,Bio-Med,400,Male
2017_25,9/18/2017,Sep,2017,Bait,0,Unknown
2017_22,9/25/2017,Sep,2017,Bait,0,Unknown
2017_25,9/25/2017,Sep,2017,Bait,0,Unknown
2017_3,9/25/2017,Sep,2017,Bio-Med,1700,Female
2017_3,9/25/2017,Sep,2017,Bio-Med,600,Male
2017_47,9/27/2017,Sep,2017,Bait,0,Unknown
2017_3,10/2/2017,Oct,2017,Bio-Med,3900,Female
2017_3,10/2/2017,Oct,2017,Bio-Med,1200,Male
2017_25,10/2/2017,Oct,2017,Bait,0,Unknown
2017_13,10/4/2017,Oct,2017,Bait,0,Unknown
2017_13,10/4/2017,Oct,2017,Bait,0,Unknown
2017_3,10/9/2017,Oct,2017,Bio-Med,200,Male
2017_3,10/9/2017,Oct,2017,Bio-Med,500,Female
2017_3,10/16/2017,Oct,2017,Bio-Med,4100,Female
2017_3,10/16/2017,Oct,2017,Bio-Med,1500,Male
2017_3,10/23/2017,Oct,2017,Bio-Med,5100,Female
2017_3,10/23/2017,Oct,2017,Bio-Med,1700,Male
2017_3,10/30/2017,Oct,2017,Bio-Med,3200,Female
2017_3,10/30/2017,Oct,2017,Bio-Med,8400,Female
2017_3,11/12/2017,Nov,2017,Bio-Med,1700,Male
2017_3,11/12/2017,Nov,2017,Bio-Med,5600,Female
2017_22,11/15/2017,Nov,2017,Bait,200,Unknown
2017_3,11/20/2017,Nov,2017,Bio-Med,0,Unknown
2018_9,4/17/2018,Apr,2018,Bait,1800,Male
2018_9,4/17/2018,Apr,2018,Bait,1400,Female
2018_37,4/17/2018,Apr,2018,Bait,0,Unknown
2018_27,4/18/2018,Apr,2018,Bait,0,Unknown
2018_9,4/23/2018,Apr,2018,Bait,3100,Female
2018_9,4/23/2018,Apr,2018,Bait,3900,Male
2018_37,4/23/2018,Apr,2018,Bait,0,Unknown
2018_25,4/28/2018,Apr,2018,Bait,1200,Male
2018_25,4/28/2018,Apr,2018,Bait,300,Female
2018_09,4/30/2018,Apr,2018,Bait,5100,Female
2018_30,4/30/2018,Apr,2018,Bait,4000,Male
2018_32,4/30/2018,Apr,2018,Bait,0,Unknown
2018_30,4/30/2018,Apr,2018,Bait,4000,Female
2018_30,5/1/2018,May,2018,Bio-Med,3500,Female
2018_30,5/1/2018,May,2018,Bio-Med,3500,Male
2018_37,5/1/2018,May,2018,Bait,0,Unknown
2018_17,5/2/2018,May,2018,Bio-Med,26000,Male
2018_17,5/2/2018,May,2018,Bio-Med,26000,Female
2018_30,5/2/2018,May,2018,Bio-Med,12500,Female
2018_27,5/2/2018,May,2018,Bait,0,Unknown
2018_30,5/2/2018,May,2018,Bio-Med,12500,Male
2018_30,5/3/2018,May,2018,Bio-Med,26700,Female
2018_15,5/3/2018,May,2018,Bio-Med,20000,Female
2018_15,5/3/2018,May,2018,Bio-Med,20000,Male
2018_17,5/3/2018,May,2018,Bio-Med,24500,Female
2018_17,5/3/2018,May,2018,Bio-Med,24500,Male
2018_23,5/3/2018,May,2018,Bio-Med,21300,Male
2018_30,5/3/2018,May,2018,Bio-Med,26800,Male
2018_23,5/3/2018,May,2018,Bio-Med,21300,Female
2018_43,5/4/2018,May,2018,Bio-Med,18800,Male
2018_35,5/4/2018,May,2018,Bio-Med,75500,Female
2018_35,5/4/2018,May,2018,Bio-Med,75500,Male
2018_43,5/4/2018,May,2018,Bio-Med,18700,Female
2018_28,5/4/2018,May,2018,Bio-Med,0,Unknown
2018_30,5/5/2018,May,2018,Bio-Med,23300,Female
2018_17,5/5/2018,May,2018,Bio-Med,26000,Male
2018_17,5/5/2018,May,2018,Bio-Med,26000,Female
2018_30,5/5/2018,May,2018,Bio-Med,23400,Male
2018_17,5/6/2018,May,2018,Bio-Med,19500,Female
2018_15,5/6/2018,May,2018,Bio-Med,18500,Male
2018_23,5/6/2018,May,2018,Bio-Med,20400,Male
2018_17,5/6/2018,May,2018,Bio-Med,19500,Male
2018_30,5/6/2018,May,2018,Bio-Med,31000,Female
2018_23,5/6/2018,May,2018,Bio-Med,20400,Female
2018_15,5/6/2018,May,2018,Bio-Med,18400,Female
2018_30,5/6/2018,May,2018,Bio-Med,31000,Male
2018_20,5/6/2018,May,2018,Bait,0,Unknown
2018_15,5/7/2018,May,2018,Bio-Med,3300,Female
2018_15,5/7/2018,May,2018,Bio-Med,3300,Male
2018_30,5/7/2018,May,2018,Bio-Med,11500,Male
2018_37,5/7/2018,May,2018,Bait,0,Unknown
2018_24,5/7/2018,May,2018,Bio-Med,300,Female
2018_30,5/7/2018,May,2018,Bio-Med,11500,Female
2018_30,5/8/2018,May,2018,Bio-Med,4100,Female
2018_23,5/8/2018,May,2018,Bio-Med,8300,Female
2018_23,5/8/2018,May,2018,Bio-Med,8300,Male
2018_30,5/8/2018,May,2018,Bio-Med,4000,Male
2018_30,5/9/2018,May,2018,Bio-Med,2700,Male
2018_32,5/9/2018,May,2018,Bait,0,Unknown
2018_24,5/9/2018,May,2018,Bio-Med,800,Female
2018_30,5/9/2018,May,2018,Bio-Med,2600,Female
2018_17,5/10/2018,May,2018,Bio-Med,12000,Male
2018_17,5/10/2018,May,2018,Bio-Med,12000,Female
2018_4,5/11/2018,May,2018,Bait,0,Unknown
2018_33,5/11/2018,May,2018,Bait,0,Unknown
2018_30,5/11/2018,May,2018,Bio-Med,7900,Female
2018_30,5/11/2018,May,2018,Bio-Med,8000,Male
2018_34,5/11/2018,May,2018,Bait,0,Unknown
2018_35,5/14/2018,May,2018,Bio-Med,132300,Male
2018_35,5/14/2018,May,2018,Bio-Med,132200,Female
2018_28,5/14/2018,May,2018,Bio-Med,0,Unknown
2018_43,5/14/2018,May,2018,Bio-Med,0,Unknown
2018_37,5/14/2018,May,2018,Bait,0,Unknown
2018_32,5/15/2018,May,2018,Bait,0,Unknown
2018_30,5/18/2018,May,2018,Bio-Med,22300,Female
2018_33,5/18/2018,May,2018,Bio-Med,0,Unknown
2018_30,5/18/2018,May,2018,Bio-Med,22300,Male
2018_25,5/18/2018,May,2018,Bio-Med,12500,Female
2018_25,5/18/2018,May,2018,Bio-Med,41000,Male
2018_34,5/18/2018,May,2018,Bio-Med,0,Unknown
2018_15,5/18/2018,May,2018,Bio-Med,18000,Female
2018_24,5/18/2018,May,2018,Bio-Med,500,Female
2018_15,5/18/2018,May,2018,Bio-Med,18000,Male
2018_30,5/19/2018,May,2018,Bio-Med,3600,Male
2018_30,5/19/2018,May,2018,Bio-Med,3600,Female
2018_23,5/19/2018,May,2018,Bio-Med,22200,Male
2018_15,5/19/2018,May,2018,Bio-Med,3600,Female
2018_23,5/19/2018,May,2018,Bio-Med,11100,Female
2018_15,5/19/2018,May,2018,Bio-Med,3700,Male
2018_43,5/21/2018,May,2018,Bio-Med,0,Unknown
2018_35,5/21/2018,May,2018,Bio-Med,81300,Female
2018_28,5/21/2018,May,2018,Bio-Med,0,Unknown
2018_24,5/21/2018,May,2018,Bio-Med,300,Male
2018_35,5/21/2018,May,2018,Bio-Med,189700,Male
2018_23,5/21/2018,May,2018,Bio-Med,3500,Female
2018_24,5/21/2018,May,2018,Bio-Med,300,Female
2018_37,5/21/2018,May,2018,Bait,0,Unknown
2018_23,5/21/2018,May,2018,Bio-Med,3500,Male
2018_30,5/21/2018,May,2018,Bio-Med,2200,Female
2018_30,5/21/2018,May,2018,Bio-Med,2300,Male
2018_32,5/21/2018,May,2018,Bio-Med,0,Unknown
2018_49,5/22/2018,May,2018,Bio-Med,8500,Female
2018_49,5/22/2018,May,2018,Bio-Med,19900,Male
2018_30,5/23/2018,May,2018,Bio-Med,1500,Female
2018_24,5/23/2018,May,2018,Bio-Med,200,Female
2018_23,5/23/2018,May,2018,Bio-Med,5300,Male
2018_30,5/23/2018,May,2018,Bio-Med,1600,Male
2018_23,5/23/2018,May,2018,Bio-Med,5300,Female
2018_14,5/25/2018,May,2018,Bio-Med,4000,Male
2018_14,5/25/2018,May,2018,Bio-Med,1000,Female
2018_6,5/25/2018,May,2018,Bait,0,Unknown
2018_30,5/25/2018,May,2018,Bio-Med,9800,Female
2018_33,5/25/2018,May,2018,Bait,0,Unknown
2018_23,5/25/2018,May,2018,Bio-Med,21000,Female
2018_30,5/25/2018,May,2018,Bio-Med,9900,Male
2018_23,5/25/2018,May,2018,Bio-Med,21100,Male
2018_25,5/26/2018,May,2018,Bio-Med,16000,Female
2018_30,5/26/2018,May,2018,Bio-Med,22700,Male
2018_25,5/26/2018,May,2018,Bio-Med,20000,Male
2018_30,5/26/2018,May,2018,Bio-Med,22700,Female
2018_14,5/27/2018,May,2018,Bio-Med,4000,Male
2018_25,5/27/2018,May,2018,Bio-Med,6000,Female
2018_25,5/27/2018,May,2018,Bio-Med,39000,Male
2018_14,5/27/2018,May,2018,Bio-Med,2200,Female
2018_3,5/29/2018,May,2018,bait,0,Unknown
2018_32,5/29/2018,May,2018,Bait,0,Unknown
2018_17,5/29/2018,May,2018,Bio-Med,23000,Male
2018_37,5/29/2018,May,2018,Bait,0,Unknown
2018_17,5/29/2018,May,2018,Bio-Med,23000,Female
2018_35,6/1/2018,Jun,2018,Bio-Med,34600,Female
2018_4,6/1/2018,Jun,2018,Bait,0,Unknown
2018_30,6/1/2018,Jun,2018,Bio-Med,16500,Female
2018_25,6/1/2018,Jun,2018,Bait,6000,Female
2018_35,6/1/2018,Jun,2018,Bio-Med,80900,Male
2018_30,6/1/2018,Jun,2018,Bio-Med,16500,Male
2018_34,6/1/2018,Jun,2018,Bait,0,Unknown
2018_23,6/2/2018,Jun,2018,Bio-Med,26400,Male
2018_07,6/2/2018,Jun,2018,Bait,6000,Female
2018_23,6/2/2018,Jun,2018,Bio-Med,26400,Female
2018_30,6/2/2018,Jun,2018,Bio-Med,28000,Male
2018_30,6/2/2018,Jun,2018,Bio-Med,27900,Female
2019_09,6/3/2018,Jun,2018,Bait,6000,Female
2018_07,6/3/2018,Jun,2018,Bait,6000,Female
2018_30,6/3/2018,Jun,2018,Bio-Med,6800,Female
2018_30,6/3/2018,Jun,2018,Bio-Med,6800,Male
2018_14,6/4/2018,Jun,2018,Bait,6000,Female
2018_37,6/4/2018,Jun,2018,Bait,1400,Male
2018_37,6/4/2018,Jun,2018,Bait,1300,Female
2018_32,6/4/2018,Jun,2018,Bait,0,Unknown
2018_7,6/5/2018,Jun,2018,Bait,2900,Male
2018_7,6/5/2018,Jun,2018,Bait,3100,Female
2018_6,6/6/2018,Jun,2018,Bait,0,Unknown
2018_35,6/6/2018,Jun,2018,Bio-Med,120800,Male
2018_28,6/6/2018,Jun,2018,Bio-Med,0,Unknown
2018_43,6/6/2018,Jun,2018,Bio-Med,0,Unknown
2018_35,6/6/2018,Jun,2018,Bio-Med,30200,Female
2018_25,6/8/2018,Jun,2018,Bait,4500,Female
2018_25,6/8/2018,Jun,2018,Bait,1500,Male
2018_34,6/8/2018,Jun,2018,Bait,0,Unknown
2018_33,6/8/2018,Jun,2018,Bait,0,Unknown
2018_4,6/8/2018,Jun,2018,Bait,0,Unknown
2018_32,6/9/2018,Jun,2018,Bait,0,Unknown
2018_9,6/9/2018,Jun,2018,Bait,2700,Female
2018_49,6/11/2018,Jun,2018,Bait,10700,Male
2018_49,6/11/2018,Jun,2018,Bio-Med,10700,Male
2018_14,6/11/2018,Jun,2018,Bait,6000,Female
2018_49,6/11/2018,Jun,2018,Bait,3500,Female
2018_49,6/11/2018,Jun,2018,Bio-Med,3500,Female
2018_14,6/12/2018,Jun,2018,Bait,6000,Female
2018_25,6/12/2018,Jun,2018,Bait,6000,Female
2018_37,6/12/2018,Jun,2018,Bait,0,Unknown
2018_13,6/13/2018,Jun,2018,Bait,0,Unknown
2018_14,6/13/2018,Jun,2018,Bait,6000,Female
2018_25,6/13/2018,Jun,2018,Bait,6000,Female
2018_25,6/13/2018,Jun,2018,Bio-Med,40100,Male
2018_25,6/13/2018,Jun,2018,Bio-Med,12500,Female
2018_46,6/13/2018,Jun,2018,Bait,0,Unknown
2018_25,6/14/2018,Jun,2018,Bio-Med,7700,Female
2018_14,6/14/2018,Jun,2018,Bait,6000,Female
2018_25,6/14/2018,Jun,2018,Bait,6000,Female
2018_25,6/14/2018,Jun,2018,Bio-Med,35000,Male
2018_34,6/14/2018,Jun,2018,Bait,0,Unknown
2018_9,6/15/2018,Jun,2018,Bait,2200,Female
2018_53,6/16/2018,Jun,2018,Bait,800,Male
2018_53,6/16/2018,Jun,2018,Bait,500,Female
2018_37,6/16/2018,Jun,2018,Bait,700,Male
2018_32,6/16/2018,Jun,2018,Bait,0,Unknown
2018_37,6/16/2018,Jun,2018,Bait,500,Female
2018_7,6/18/2018,Jun,2018,Bait,3000,Female
2018_41,6/18/2018,Jun,2018,Bait,0,Unknown
2018_7,6/18/2018,Jun,2018,Bait,3000,Male
2018_27,6/21/2018,Jun,2018,Bait,0,Unknown
2018_34,6/22/2018,Jun,2018,Bait,0,Unknown
2018_33,6/22/2018,Jun,2018,Bait,0,Unknown
2018_9,6/23/2018,Jun,2018,Bait,0,Unknown
2018_4,6/25/2018,Jun,2018,Bait,0,Unknown
2018_9,6/26/2018,Jun,2018,Bait,0,Unknown
2018_54,6/26/2018,Jun,2018,Bait,0,Unknown
2018_7,6/26/2018,Jun,2018,Bait,0,Unknown
2018_37,6/26/2018,Jun,2018,Bait,0,Unknown
2018_6,6/30/2018,Jun,2018,Bait,0,Unknown
2018_8,7/1/2018,Jul,2018,Bait,1500,Female
2018_8,7/1/2018,Jul,2018,Bait,1000,Male
2018_37,7/2/2018,Jul,2018,Bait,0,Unknown
2018_7,7/3/2018,Jul,2018,Bait,0,Unknown
2018_54,7/6/2018,Jul,2018,Bait,0,Unknown
2018_34,7/7/2018,Jul,2018,Bait,0,Unknown
2018_32,7/9/2018,Jul,2018,Bait,0,Unknown
2018_37,7/9/2018,Jul,2018,Bait,0,Unknown
2018_27,7/10/2018,Jul,2018,Bait,0,Unknown
2018_7,7/10/2018,Jul,2018,Bait,0,Unknown
2018_8,8/1/2018,Aug,2018,Bait,1000,Male
2018_8,8/1/2018,Aug,2018,Bait,1500,Female
2018_24,8/24/2018,Aug,2018,Bio-Med,2500,Female
2018_24,8/24/2018,Aug,2018,Bio-Med,500,Male
2018_24,8/25/2018,Aug,2018,Bio-Med,600,Male
2018_24,8/25/2018,Aug,2018,Bio-Med,2500,Female
2018_24,8/26/2018,Aug,2018,Bio-Med,500,Male
2018_24,8/26/2018,Aug,2018,Bio-Med,2500,Female
2018_24,8/27/2018,Aug,2018,Bio-Med,3500,Female
2018_24,8/27/2018,Aug,2018,Bio-Med,600,Male
2018_12,10/1/2018,Oct,2018,Bait,5000,Unknown
2018_12,10/5/2018,Oct,2018,Bait,6000,Unknown
2018_12,10/6/2018,Oct,2018,Bait,5000,Unknown
2018_24,10/22/2018,Oct,2018,Bait,4600,Male
2018_24,10/22/2018,Oct,2018,Bait,1300,Female
2018_12,10/26/2018,Oct,2018,Bait,5000,Unknown
2018_12,10/27/2018,Oct,2018,Bait,4000,Unknown
2018_24,10/31/2018,Oct,2018,Bait,2100,Female
2018_24,10/31/2018,Oct,2018,Bait,1800,Male
2018_31,11/18/2018,Nov,2018,Bait,6000,Unknown
2018_31,11/19/2018,Nov,2018,Bait,4000,Unknown
2019_13,4/1/2019,Apr,2019,Bait,0,Unknown
2019_04,4/5/2019,Apr,2019,Bait,500,Male
2019_04,4/5/2019,Apr,2019,Bait,700,Female
2019_13,4/8/2019,Apr,2019,Bait,0,Unknown
2019_32,4/11/2019,Apr,2019,Bait,400,Female
2019_32,4/11/2019,Apr,2019,Bait,1000,Male
2019_32,4/12/2019,Apr,2019,Bait,400,Female
2019_32,4/12/2019,Apr,2019,Bait,500,Male
2019_32,4/15/2019,Apr,2019,Bait,2000,Male
2019_04,4/15/2019,Apr,2019,Bait,8700,Male
2019_04,4/15/2019,Apr,2019,Bait,8200,Female
2019_32,4/15/2019,Apr,2019,Bait,1800,Female
2019_32,4/16/2019,Apr,2019,Bait,2900,Male
2019_32,4/16/2019,Apr,2019,Bait,2700,Female
2019_32,4/18/2019,Apr,2019,Bait,3000,Female
2019_32,4/18/2019,Apr,2019,Bait,3000,Male
2019_32,4/19/2019,Apr,2019,Bait,3000,Female
2019_32,4/19/2019,Apr,2019,Bait,3000,Male
2019_32,4/21/2019,Apr,2019,Bait,3000,Male
2019_30,4/21/2019,Apr,2019,Bait,4000,Female
2019_32,4/21/2019,Apr,2019,Bait,3000,Female
2019_24,4/21/2019,Apr,2019,Bait,2600,Male
2019_24,4/21/2019,Apr,2019,Bait,3400,Female
2019_04,4/22/2019,Apr,2019,Bait,6300,Female
2019_04,4/22/2019,Apr,2019,Bait,7900,Male
2019_13,4/22/2019,Apr,2019,Bait,0,Unknown
2019_01,4/22/2019,Apr,2019,Bait,0,Unknown
2019_30,4/22/2019,Apr,2019,Bait,6000,Female
2019_37,4/22/2019,Apr,2019,Bait,0,Unknown
2019_32,4/24/2019,Apr,2019,Bait,2400,Male
2019_32,4/24/2019,Apr,2019,Bait,3100,Female
2019_05,4/26/2019,Apr,2019,Bio-Med,58000,Male
2019_20,4/26/2019,Apr,2019,Bio-Med,0,Unknown
2019_05,4/26/2019,Apr,2019,Bio-Med,58000,Female
2019_18,4/26/2019,Apr,2019,Bio-Med,0,Unknown
2019_32,4/28/2019,Apr,2019,Bait,3200,Female
2019_32,4/28/2019,Apr,2019,Bait,2800,Male
2019_04,4/29/2019,Apr,2019,Bait,6700,Male
2019_31,4/29/2019,Apr,2019,Bait,1700,Female
2019_04,4/29/2019,Apr,2019,Bait,5600,Female
2019_37,4/29/2019,Apr,2019,Bait,0,Unknown
2019_38,4/30/2019,Apr,2019,Bait,0,Unknown
2019_17,4/30/2019,Apr,2019,Bait,0,Unknown
2019_32,4/30/2019,Apr,2019,Bait,6000,Female
2019_24,4/30/2019,Apr,2019,Bait,5000,Female
2019_24,4/30/2019,Apr,2019,Bait,1000,Male
2019_14,4/30/2019,Apr,2019,Bait,0,Unknown
2019_37,5/6/2019,May,2019,Bait,0,Unknown
2019_24,5/7/2019,May,2019,Bio-Med,10400,Male
2019_33,5/7/2019,May,2019,Bio-Med,10200,Male
2019_33,5/7/2019,May,2019,Bio-Med,10200,Female
2019_24,5/7/2019,May,2019,Bio-Med,10400,Female
2019_29,5/8/2019,May,2019,Bio-Med,21500,Male
2019_15,5/8/2019,May,2019,Bio-Med,21900,Male
2019_15,5/8/2019,May,2019,Bio-Med,21900,Female
2019_24,5/8/2019,May,2019,Bio-Med,11300,Male
2019_24,5/8/2019,May,2019,Bio-Med,11300,Female
2019_33,5/8/2019,May,2019,Bio-Med,22000,Male
2019_29,5/8/2019,May,2019,Bio-Med,21500,Female
2019_33,5/8/2019,May,2019,Bio-Med,21900,Female
2019_12,5/9/2019,May,2019,Bio-Med,16600,Male
2019_29,5/9/2019,May,2019,Bio-Med,12200,Male
2019_29,5/9/2019,May,2019,Bio-Med,12200,Female
2019_12,5/9/2019,May,2019,Bio-Med,16700,Male
2019_15,5/9/2019,May,2019,Bio-Med,30000,Female
2019_15,5/9/2019,May,2019,Bio-Med,30000,Male
2019_12,5/9/2019,May,2019,Bio-Med,16600,Female
2019_33,5/9/2019,May,2019,Bio-Med,16200,Female
2019_33,5/9/2019,May,2019,Bio-Med,16100,Male
2019_12,5/9/2019,May,2019,Bio-Med,16700,Female
2019_10,5/10/2019,May,2019,Bait,0,Unknown
2019_05,5/10/2019,May,2019,Bio-Med,184500,Female
2019_20,5/10/2019,May,2019,Bio-Med,37500,Male
2019_18,5/10/2019,May,2019,Bio-Med,0,Unknown
2019_37,5/10/2019,May,2019,Bait,0,Unknown
2019_38,5/10/2019,May,2019,Bio-Med,0,Unknown
2019_20,5/10/2019,May,2019,Bio-Med,37500,Female
2019_05,5/10/2019,May,2019,Bio-Med,184500,Male
2019_15,5/11/2019,May,2019,Bio-Med,13500,Male
2019_15,5/11/2019,May,2019,Bio-Med,13500,Female
2019_29,5/11/2019,May,2019,Bio-Med,20600,Male
2019_29,5/11/2019,May,2019,Bio-Med,20600,Female
2019_03,5/13/2019,May,2019,Bait,0,Unknown
2019_14,5/13/2019,May,2019,Bio-Med,0,Unknown
2019_17,5/14/2019,May,2019,Bait,0,Unknown
2019_05,5/15/2019,May,2019,Bio-Med,20500,Male
2019_05,5/15/2019,May,2019,Bio-Med,20500,Female
2019_14,5/18/2019,May,2019,Bio-Med,0,Unknown
2019_29,5/21/2019,May,2019,Bio-Med,14100,Female
2019_12,5/21/2019,May,2019,Bio-Med,18700,Male
2019_12,5/21/2019,May,2019,Bio-Med,9300,Female
2019_33,5/21/2019,May,2019,Bio-Med,27400,Female
2019_29,5/21/2019,May,2019,Bio-Med,28400,Male
2019_33,5/21/2019,May,2019,Bio-Med,54800,Male
2019_29,5/22/2019,May,2019,Bio-Med,2000,Female
2019_29,5/22/2019,May,2019,Bio-Med,4000,Male
2019_33,5/22/2019,May,2019,Bio-Med,33100,Male
2019_33,5/22/2019,May,2019,Bio-Med,16500,Female
2019_29,5/23/2019,May,2019,Bio-Med,31800,Male
2019_29,5/23/2019,May,2019,Bio-Med,15900,Female
2019_15,5/23/2019,May,2019,Bio-Med,7400,Male
2019_33,5/23/2019,May,2019,Bio-Med,9600,Female
2019_33,5/23/2019,May,2019,Bio-Med,19200,Male
2019_15,5/23/2019,May,2019,Bio-Med,3600,Female
2019_29,5/24/2019,May,2019,Bio-Med,30000,Male
2019_25,5/24/2019,May,2019,Bio-Med,18800,Female
2019_25,5/24/2019,May,2019,Bio-Med,8000,Male
2019_05,5/24/2019,May,2019,Bio-Med,273900,Male
2019_05,5/24/2019,May,2019,Bio-Med,136900,Female
2019_20,5/24/2019,May,2019,Bio-Med,50800,Male
2019_20,5/24/2019,May,2019,Bio-Med,25400,Female
2019_18,5/24/2019,May,2019,Bio-Med,0,Unknown
2019_29,5/24/2019,May,2019,Bio-Med,9900,Female
2019_33,5/25/2019,May,2019,Bio-Med,5900,Female
2019_29,5/25/2019,May,2019,Bio-Med,2200,Female
2019_29,5/25/2019,May,2019,Bio-Med,4600,Male
2019_33,5/25/2019,May,2019,Bio-Med,11900,Male
2019_31,5/28/2019,May,2019,Bio-Med,0,Unknown
2019_38,5/28/2019,May,2019,Bio-Med,0,Unknown
2019_37,5/28/2019,May,2019,Bait,0,Unknown
2019_15,5/28/2019,May,2019,Bio-Med,25400,Male
2019_15,5/28/2019,May,2019,Bio-Med,12600,Female
2019_33,5/29/2019,May,2019,Bio-Med,1300,Female
2019_29,5/29/2019,May,2019,Bio-Med,14400,Male
2019_29,5/29/2019,May,2019,Bio-Med,7200,Female
2019_15,5/29/2019,May,2019,Bio-Med,9400,Male
2019_15,5/29/2019,May,2019,Bio-Med,4600,Female
2019_33,5/29/2019,May,2019,Bio-Med,2500,Male
2019_12,5/30/2019,May,2019,Bio-Med,2500,Female
2019_12,5/30/2019,May,2019,Bio-Med,5000,Male
2019_15,5/30/2019,May,2019,Bio-Med,5000,Male
2019_29,5/30/2019,May,2019,Bio-Med,19300,Female
2019_29,5/30/2019,May,2019,Bio-Med,38800,Male
2019_15,5/30/2019,May,2019,Bio-Med,2500,Female
2019_05,5/31/2019,May,2019,Bio-Med,20300,Female
2019_14,5/31/2019,May,2019,Bio-Med,0,Unknown
2019_05,5/31/2019,May,2019,Bio-Med,25000,Male
2019_05,5/31/2019,May,2019,Bio-Med,13000,Female
2019_18,5/31/2019,May,2019,Bio-Med,0,Unknown
2019_18,5/31/2019,May,2019,Bio-Med,0,Unknown
2019_15,5/31/2019,May,2019,Bio-Med,10000,Female
2019_05,5/31/2019,May,2019,Bio-Med,40700,Male
2019_29,5/31/2019,May,2019,Bio-Med,26400,Female
2019_15,5/31/2019,May,2019,Bio-Med,20000,Male
2019_29,5/31/2019,May,2019,Bio-Med,53000,Male
2019_12,5/31/2019,May,2019,Bio-Med,24600,Male
2019_33,5/31/2019,May,2019,Bio-Med,9800,Male
2019_33,5/31/2019,May,2019,Bio-Med,4900,Female
2019_12,5/31/2019,May,2019,Bio-Med,12200,Female
2019_15,6/1/2019,Jun,2019,Bio-Med,10600,Female
2019_05,6/1/2019,Jun,2019,Bio-Med,100700,Male
2019_33,6/1/2019,Jun,2019,Bio-Med,20400,Female
2019_05,6/1/2019,Jun,2019,Bio-Med,50300,Female
2019_15,6/1/2019,Jun,2019,Bio-Med,21400,Male
2019_07,6/1/2019,Jun,2019,Bait,6000,Female
2019_33,6/1/2019,Jun,2019,Bio-Med,40800,Male
2019_04,6/1/2019,Jun,2019,Bait,6000,Female
2019_33,6/2/2019,Jun,2019,Bio-Med,7900,Male
2019_14,6/2/2019,Jun,2019,Bio-Med,0,Unknown
2019_33,6/2/2019,Jun,2019,Bio-Med,3900,Female
2019_04,6/2/2019,Jun,2019,Bait,6000,Female
2019_29,6/2/2019,Jun,2019,Bio-Med,15900,Female
2019_07,6/2/2019,Jun,2019,Bait,6000,Female
2019_05,6/2/2019,Jun,2019,Bio-Med,70700,Male
2019_05,6/2/2019,Jun,2019,Bio-Med,35300,Female
2019_29,6/2/2019,Jun,2019,Bio-Med,31900,Male
2019_37,6/2/2019,Jun,2019,Bait,0,Unknown
2019_29,6/3/2019,Jun,2019,Bio-Med,26700,Male
2019_07,6/3/2019,Jun,2019,Bait,6000,Female
2019_05,6/3/2019,Jun,2019,Bio-Med,42700,Male
2019_05,6/3/2019,Jun,2019,Bio-Med,21300,Female
2019_29,6/3/2019,Jun,2019,Bio-Med,13300,Female
2019_29,6/4/2019,Jun,2019,Bio-Med,11500,Male
2019_29,6/4/2019,Jun,2019,Bio-Med,5700,Female
2019_07,6/4/2019,Jun,2019,Bait,3100,Female
2019_07,6/4/2019,Jun,2019,Bait,6000,Female
2019_07,6/4/2019,Jun,2019,Bait,2900,Male
2019_41,6/5/2019,Jun,2019,Bait,1100,Female
2019_41,6/5/2019,Jun,2019,Bait,900,Male
2019_42,6/5/2019,Jun,2019,Bait,100,Male
2019_42,6/5/2019,Jun,2019,Bait,400,Female
2019_13,6/5/2019,Jun,2019,Bait,200,Male
2019_04,6/9/2019,Jun,2019,Bait,2700,Female
2019_35,6/10/2019,Jun,2019,Bait,5000,Female
2019_34,6/10/2019,Jun,2019,Bait,10700,Male
2019_35,6/10/2019,Jun,2019,Bait,10000,Male
2019_50,6/10/2019,Jun,2019,Bait,0,Unknown
2019_34,6/10/2019,Jun,2019,Bait,6000,Female
2019_46,6/15/2019,Jun,2019,Bait,15400,Female
2019_46,6/15/2019,Jun,2019,Bait,7700,Male
2019_37,6/17/2019,Jun,2019,Bait,0,Unknown
2019_07,6/17/2019,Jun,2019,Bait,0,Unknown
2019_50,6/20/2019,Jun,2019,Bait,0,Unknown
2019_38,6/24/2019,Jun,2019,Bait,0,Unknown
2019_04,6/24/2019,Jun,2019,Bait,1800,Female
2019_07,6/24/2019,Jun,2019,Bait,0,Unknown
2019_14,6/24/2019,Jun,2019,Bait,0,Unknown
2019_31,6/24/2019,Jun,2019,Bait,0,Unknown
2019_37,6/24/2019,Jun,2019,Bait,0,Unknown
2019_04,6/24/2019,Jun,2019,Bait,1100,Male
2019_13,6/24/2019,Jun,2019,Bait,0,Unknown
2019_31,6/25/2019,Jun,2019,Bait,500,Female
2019_50,6/27/2019,Jun,2019,Bait,0,Unknown
2019_14,6/30/2019,Jun,2019,Bait,0,Unknown
2019_13,7/1/2019,Jul,2019,Bait,0,Unknown
2019_37,7/1/2019,Jul,2019,Bait,0,Unknown
2019_37,7/9/2019,Jul,2019,Bait,0,Unknown
2019_38,7/22/2019,Jul,2019,Bait,0,Unknown
2019_37,7/22/2019,Jul,2019,Bait,0,Unknown
2019_13,7/22/2019,Jul,2019,Bait,0,Unknown
2019_38,7/26/2019,Jul,2019,Bait,0,Unknown
2019_37,7/26/2019,Jul,2019,Bait,0,Unknown
2019_13,7/26/2019,Jul,2019,Bait,0,Unknown
2019_4,9/13/2019,Sep,2019,Bait,100,Female
2019_40,9/18/2019,Sep,2019,Bait,1800,Female
2019_40,9/18/2019,Sep,2019,Bait,400,Male
2019_53,10/8/2019,Oct,2019,Bait,1100,Male
2019_30,10/8/2019,Oct,2019,Bait,4000,Unknown
2019_53,10/8/2019,Oct,2019,Bait,3400,Female
2019_30,10/9/2019,Oct,2019,Bait,6000,Unknown
2019_53,10/15/2019,Oct,2019,Bait,300,Male
2019_53,10/15/2019,Oct,2019,Bait,500,Female
2019_53,10/22/2019,Oct,2019,Bait,800,Male
2019_53,10/22/2019,Oct,2019,Bait,1000,Female
2019_53,11/7/2019,Nov,2019,Bait,1500,Female
2019_53,11/7/2019,Nov,2019,Bait,1000,Male
2020_04,3/28/2020,Mar,2020,Bait,900,Female
2020_04,3/28/2020,Mar,2020,Bait,100,Male
2020_09,4/10/2020,Apr,2020,Bait,3000,Male
2020_09,4/11/2020,Apr,2020,Bait,2600,Female
